timestamp,volume,open,high,low,close,chg,percent,turnoverrate,amount,volume_post,amount_post,pe,pb,ps,pcf,market_capital,balance,hold_volume_cn,hold_ratio_cn,net_volume_cn,hold_volume_hk,hold_ratio_hk,net_volume_hk
2021-03-08,614353,6.972,8.3704,6.972,8.3704,2.5587,44.03,0.98,5170069,,,19.4513,2.5495,4.2229,9.2084,5211858081.2,,,,,,,
2021-03-09,300180,9.2035,9.2035,9.2035,9.2035,0.8331,9.95,0.47,2785670,,,21.3872,2.8032,4.6432,10.1249,5730573814.4,,,,,,,
2021-03-10,178432,10.1258,10.1258,10.1258,10.1258,0.9223,10.02,0.29,1821790,,,23.5305,3.0842,5.1085,11.1396,6304866233.3,,,,,,,
2021-03-11,199436,11.1374,11.1374,11.1374,11.1374,1.0116,9.99,0.3,2239666,,,25.8813,3.3923,5.6188,12.2525,6934735337.9,,,,,,,
2021-03-12,1102307,12.2482,12.2482,12.2482,12.2482,1.1108,9.97,1.77,13613491,,,28.4625,3.7306,6.1792,13.4744,7626356315.5,,,,,,,
2021-03-15,10308771,13.4779,13.4779,13.4779,13.4779,1.2297,10.04,16.59,140096197,,,31.3203,4.1052,6.7996,14.8273,8392079540.7,,,,,,,
2021-03-16,42744826,13.8746,14.8267,12.1291,14.8267,1.3488,10.01,68.85,578106858,,,34.4546,4.516,7.4801,16.3112,9231905013.5,,,,,,,
2021-03-17,21763262,14.678,16.3143,14.0234,16.3143,1.4876,10.03,35.1,336192966,,,37.9116,4.9691,8.2306,17.9477,10158183108.5,,,,,,,
2021-03-18,42293916,15.3722,17.9507,15.0747,17.9507,1.6364,10.03,68.16,720383725,,,41.7143,5.4675,9.0562,19.748,11177089013,,,,,,,
2021-03-19,20176899,17.9507,19.7458,17.0582,19.7458,1.7951,10,32.51,383016348,,,45.8857,6.0143,9.9618,21.7228,12294797914.3,,,,,,,
2021-03-22,2748044,21.7194,21.7194,21.7194,21.7194,1.9736,10,4.42,60182163,,,50.472,6.6154,10.9575,23.8939,13523660187,,,,,,,
2021-03-23,9867550,23.7922,23.8913,23.207,23.8913,2.1719,10,15.89,235891217,,,55.5192,7.277,12.0532,26.2833,14876026205.7,,,,,,,
2021-03-24,24693267,25.7757,26.2815,23.9013,26.2815,2.3902,10,31.34,646259869,,,61.0734,8.005,13.259,28.9128,16364246345,,,,,,,
2021-03-25,44697223,28.4534,28.9096,24.9426,28.9096,2.6281,10,72,1236389542,,,67.1807,8.8055,14.5849,31.804,18000670979.5,,,,,,,
2021-03-26,30770501,28.622,31.8055,28.1559,31.8055,2.8959,10.02,49.61,961570565,,,73.9103,9.6875,16.0459,34.9899,19803825671.1,,,,,,,
2021-03-29,21711611,33.7097,34.9891,32.827,34.9891,3.1836,10.01,35.01,752808074,,,81.3082,10.6572,17.652,38.4922,21786060794.4,,,,,,,
2021-03-30,26714618,36.6949,38.49,34.9891,38.49,3.5009,10.01,43.07,1000454850,,,89.4437,11.7235,19.4182,42.3436,23965901911.3,,,,,,,
2021-03-31,14116790,39.333,42.338,39.333,42.338,3.848,10,22.76,589451144,,,95.1304,12.5498,20.6384,42.2807,26361874583.7,,,,,,,
2021-04-01,24582098,45.4223,46.5728,44.3314,46.5728,4.2348,10,39.62,1139485236,,,104.6457,13.8051,22.7027,46.5098,28998679560.8,,,,,,,
2021-04-02,13620495,50.2621,51.234,48.9034,51.234,4.6612,10.01,21.96,698728439,,,115.1192,15.1868,24.9749,51.1647,31901017591.8,,,,,,,
2021-04-06,7055614,56.3118,56.3614,53.8026,56.3614,5.1274,10.01,11.37,397494115,,,126.64,16.7067,27.4743,56.2852,35093589425.9,,,,,,,
2021-04-14,18214220,51.591,59.1879,50.7282,50.7282,-5.6332,-9.99,29.31,976076930,,,113.9827,15.0369,24.7283,50.6596,31586083039.5,,,,,,,
2021-04-15,47450704,46.6918,55.201,45.6603,52.553,1.8248,3.6,75.75,2368113015,,,118.083,15.5778,25.6179,52.482,32722317502.7,,,,,,,
2021-04-16,8386369,47.2967,48.1298,47.2967,47.2967,-5.2563,-10,13.42,400919136,,,106.2724,14.0197,23.0556,47.2328,29449468233.7,,,,,,,
2021-04-19,36052232,43.9347,47.7034,43.8454,45.5314,-1.7653,-3.73,56.51,1647506501,,,102.3059,13.4964,22.195,45.4698,28350284894.3,,,,,,,
2021-04-20,46483151,45.3231,50.0836,45.1248,50.0836,4.5522,10,74.95,2298116946,,,112.5342,14.8458,24.4141,50.0158,31184695865,,,,,,,
2021-04-21,35261978,45.1248,47.3959,45.0752,45.7,-4.3836,-8.75,56,1625064646,,,102.6847,13.5464,22.2772,45.6382,28455263078.4,,,,,,,
2021-04-22,32412994,45.2835,48.8042,43.5182,47.1579,1.4579,3.19,51.24,1510927672,,,105.9605,13.9786,22.9879,47.0941,29363015611.5,,,,,,,
2021-04-23,28172150,47.6042,48.1001,42.6553,43.4388,-3.7191,-7.89,44.59,1265384669,,,97.604,12.8762,21.175,43.3801,27047320374,,,,,,,
2021-04-26,20583346,42.2487,44.8471,41.8718,44.381,0.9422,2.17,31.89,905321098,,,99.7209,13.1554,21.6343,44.321,27633963167.5,,,,,,,
2021-04-27,21330251,43.8355,44.2025,41.1578,42.1991,-2.1819,-4.92,33.64,913847486,,,94.8185,12.5087,20.5707,42.1421,26275421961.5,,,,,,,
2021-04-28,23748987,42.2983,45.581,41.4553,43.3991,1.2,2.84,37.65,1047530464,,,97.5148,12.8644,21.1556,43.3405,27022619624.8,,,,,,,
2021-04-29,30855257,42.6553,47.3959,41.733,42.3677,-1.0314,-2.38,48.72,1399724761,,,95.1973,12.5587,20.6529,42.3104,26380400145.6,,,,,,,
2021-04-30,40310990,40.7611,46.6025,39.0255,44.6289,2.2612,5.34,64.28,1725849621,,,100.278,13.2289,21.7551,44.5686,27788342850,,,,,,,
2021-05-06,31718304,42.6553,46.5232,42.3578,46.057,1.4281,3.2,50.11,1419711225,,,103.4869,13.6523,22.4513,45.9948,28677569821.2,,,,,,,
2021-05-07,29981235,45.4917,48.1001,43.9347,44.8669,-1.1901,-2.58,47.48,1390706363,,,100.8128,13.2995,21.8711,44.8063,27936547345.2,,,,,,,
2021-05-10,30980229,43.052,48.7744,40.9098,47.1976,2.3307,5.19,48.88,1414866232,,,106.0496,13.9903,23.0072,47.1337,29387716360.7,,,,,,,
2021-05-11,34794992,47.1083,51.5712,46.3149,47.2571,0.0595,0.13,55.01,1704161410,,,106.1833,14.008,23.0362,47.1932,29424767484.5,,,,,,,
2021-05-12,23662687,44.976,46.0075,44.0735,45.5612,-1.6959,-3.59,37.53,1070362213,,,102.3727,13.5053,22.2096,45.4996,28368810456.2,,,,,,,
2021-05-13,28954143,44.6289,49.8059,44.2025,47.4852,1.924,4.22,45.9,1372323446,,,106.6958,14.0756,23.1474,47.421,29566796792.4,,,,,,,
2021-05-14,30747527,46.4835,50.7679,46.1761,49.191,1.7058,3.59,48.81,1520462376,,,110.5287,14.5812,23.979,49.1245,30628929008,,,,,,,
2021-05-17,20452745,48.5959,49.3893,46.4141,47.3562,-1.8348,-3.73,32.07,981500460,,,106.4061,14.0374,23.0846,47.2922,29486519357.5,,,,,,,
2021-05-18,17233333,46.8901,48.5662,46.6323,47.6042,0.248,0.52,27.07,828380521,,,106.9632,14.1109,23.2055,47.5398,29640899040,,,,,,,
2021-05-19,25093706,47.4058,49.2902,46.3447,49.0918,1.4876,3.12,39.39,1212044285,,,110.3058,14.5518,23.9306,49.0254,30567177135,,,,,,,
2021-05-20,24276647,49.5877,49.7365,46.4141,47.4753,-1.6165,-3.29,38.46,1186387288,,,106.6735,14.0726,23.1426,47.4111,29560621605.1,,,,,,,
2021-05-21,20069629,45.6207,47.267,44.6289,45.9083,-1.567,-3.3,31.33,933172413,,,103.1527,13.6082,22.3788,45.8462,28584942011.7,,,,,,,
2021-05-24,22988345,45.581,45.6207,41.9611,42.4471,-3.4612,-7.54,36.42,1012287707,,,95.3756,12.5822,20.6915,42.3897,26429801644,,,,,,,
2021-05-25,12921938,41.971,42.8933,41.0685,42.4669,0.0198,0.05,20.28,549243797,,,95.4201,12.5881,20.7012,42.4095,26442152018.6,,,,,,,
2021-05-26,27374644,42.6454,46.7116,41.9512,46.7116,4.2447,10,44.12,1244930089,,,104.9577,13.8463,22.7704,46.6484,29085132183,,,,,,,
2021-05-27,32108279,48.953,51.3828,48.0505,51.3828,4.6712,10,51.77,1636136170,,,115.4534,15.2309,25.0474,51.3133,31993645401.3,,,,,,,
2021-05-28,45864737,54.0506,56.52,49.0918,56.52,5.1372,10,73.41,2446542264,,,126.9966,16.7537,27.5516,56.4436,35192392422.7,,,,,,,
2021-05-31,28637089,58.5234,62.173,57.2044,62.173,5.653,10,46.18,1743817892,,,139.6984,18.4294,30.3073,62.089,38712249183.7,,,,,,,
2021-06-01,39714783,62.173,62.3714,55.9547,56.3316,-5.8414,-9.4,63.12,2315639719,,,126.5732,16.6978,27.4598,56.2554,35075063864,,,,,,,
2021-06-02,25847629,54.5564,56.9068,52.3448,53.2968,-3.0348,-5.39,41.07,1408419127,,,119.7543,15.7983,25.9804,53.2248,33185456550.2,,,,,,,
2021-06-03,17566952,52.7018,53.2373,51.0852,51.3431,-1.9537,-3.67,27.53,919555425,,,115.3643,15.2191,25.028,51.2737,31968944652.1,,,,,,,
2021-06-04,14426169,50.5794,52.2654,50.0141,51.5315,0.1884,0.37,22.81,746029160,,,115.7877,15.275,25.1199,51.4618,32086273210.8,,,,,,,
2021-06-07,14863814,51.3233,51.8687,49.4488,49.5976,-1.9339,-3.75,23.49,753368087,,,111.4423,14.7018,24.1772,49.5305,30882111687.3,,,,,,,
2021-06-08,12337400,49.1017,50.4803,48.6059,48.7249,-0.8727,-1.76,19.5,614230967,,,109.4813,14.4431,23.7517,48.659,30338695204.9,,,,,,,
2021-06-09,14975318,49.3893,49.3893,46.3447,47.0091,-1.7158,-3.52,23.82,720953658,,,105.6262,13.9345,22.9154,46.9456,29270387802,,,,,,,
2021-06-10,13460705,47.019,47.9215,46.0868,47.743,0.7339,1.56,20.97,638010201,,,107.2752,14.152,23.2731,47.6785,29727351662.2,,,,,,,
2021-06-11,13757342,47.4455,48.1992,45.5017,45.5017,-2.2413,-4.69,21.67,646139003,,,102.239,13.4876,22.1805,45.4401,28331759332.4,,,,,,,
2021-06-15,13986135,45.2835,48.6852,44.5297,46.4637,0.962,2.11,22.26,660121326,,,104.4006,13.7728,22.6495,46.4008,28930752500.5,,,,,,,
2021-06-16,12619456,45.6207,45.7893,42.8438,43.8454,-2.6183,-5.64,19.94,556730786,,,98.5176,12.9967,21.3732,43.7861,27300503053.3,,,,,,,
2021-06-17,9926876,43.6372,45.6207,43.1512,44.8273,0.9819,2.24,15.59,446458395,,,100.7237,13.2877,21.8518,44.7667,27911846596,,,,,,,
2021-06-18,12271102,44.8273,47.5943,43.9049,45.9182,1.0909,2.43,19.42,567790977,,,103.175,13.6111,22.3836,45.8561,28591117199,,,,,,,
2021-06-21,10237340,44.9066,47.0786,44.8868,46.6323,0.7141,1.56,16.18,478460857,,,104.7794,13.8228,22.7317,46.5692,29035730684.6,,,,,,,
2021-06-22,12827306,46.6323,48.3976,45.8289,46.7215,0.0892,0.19,20.45,606865372,,,104.98,13.8492,22.7752,46.6583,29091307370.3,,,,,,,
2021-06-23,9760198,46.316,47.2208,45.2819,45.3913,-1.3302,-2.85,15.5,450568090,,,101.7265,13.9277,22.0694,45.2123,28189730024.5,,,,,,,
2021-06-24,10029849,44.8842,44.9239,42.9452,42.9651,-2.4262,-5.35,15.86,439188465,,,96.2892,13.1833,20.8897,42.7957,26682984323.3,,,,,,,
2021-06-25,7123092,42.6668,44.1981,42.3387,43.5418,0.5767,1.34,11.27,310315653,,,97.5817,13.3602,21.1701,43.3702,27041145186.7,,,,,,,
2021-06-28,6138398,43.5319,43.8501,42.7563,43.0745,-0.4673,-1.07,9.76,266277669,,,96.5343,13.2168,20.9429,42.9047,26750911383.6,,,,,,,
2021-06-29,6881423,43.0546,43.0546,41.762,41.8216,-1.2529,-2.91,10.9,291152767,,,93.7265,12.8324,20.3338,41.6568,25972837783.8,,,,,,,
2021-06-30,5069722,41.8216,42.4381,41.4935,41.573,-0.2486,-0.59,8,213664981,,,91.9341,12.4319,19.7629,43.2914,25818458101.3,,,,,,,
2021-07-01,6881386,41.583,42.3088,40.2804,40.3699,-1.2031,-2.89,10.94,283282636,,,89.2734,12.0721,19.1909,42.0385,25071260438,,,,,,,
2021-07-02,6792581,40.7577,40.7577,38.779,38.9679,-1.402,-3.47,10.81,267720657,,,86.1731,11.6528,18.5245,40.5786,24200559028.7,,,,,,,
2021-07-05,8597675,38.9679,39.6142,37.4565,39.2861,0.3182,0.82,13.66,332974937,,,86.8767,11.748,18.6757,40.9099,24398165022.3,,,,,,,
2021-07-06,9775310,39.0275,40.7477,38.779,40.5688,1.2827,3.27,15.39,391687365,,,89.7132,12.1316,19.2855,42.2456,25194764184,,,,,,,
2021-07-07,6532139,39.8429,40.181,39.1767,39.3855,-1.1833,-2.92,10.32,259574214,,,87.0966,11.7777,18.723,41.0135,24459916895.3,,,,,,,
2021-07-08,6347583,39.3954,39.8727,38.0133,38.0233,-1.3622,-3.46,10.01,248761580,,,84.0842,11.3704,18.0754,39.5949,23613916235.2,,,,,,,
2021-07-09,5174107,37.4764,38.2321,37.0488,37.9736,-0.0497,-0.13,8.19,196442026,,,83.9742,11.3555,18.0518,39.5432,23583040298.7,,,,,,,
2021-07-12,4896483,38.3315,38.4608,37.5858,37.725,-0.2486,-0.65,7.75,186497748,,,83.4245,11.2812,17.9336,39.2843,23428660616.2,3572608,,,,,,
2021-07-13,15147934,37.6951,41.4935,37.3173,41.4935,3.7685,9.99,24.39,607963002,,,91.7582,12.4081,19.7251,43.2086,25769056602.9,24007456,,,,,,
2021-07-14,19432104,42.2989,44.8245,40.7279,42.1,0.6065,1.46,30.92,839268396,,,93.0995,12.5895,20.0134,43.8402,26145743028.2,24633518,,,,,,
2021-07-15,10795501,40.7676,40.7676,38.9778,39.0673,-3.0327,-7.2,17.18,429438763,,,86.393,11.6826,18.5717,40.6821,24262310901.7,23639211,,,,,,
2021-07-16,7106328,39.0971,39.6142,38.2917,38.2917,-0.7756,-1.99,11.26,278106545,,,84.6778,11.4507,18.203,39.8745,23780646292.3,23412452,,,,,,
2021-07-19,5979226,38.0929,38.769,37.1781,37.3869,-0.9048,-2.36,9.44,226100005,,,82.6769,11.1801,17.7729,38.9322,23218704248,24845633,,,,,,
2021-07-20,6676594,37.2676,37.2676,35.786,36.492,-0.8949,-2.39,10.63,244172834,,,80.6979,10.9125,17.3475,38.0004,22662937391,19926795,,,,,,
2021-07-21,5567531,36.8102,37.188,36.323,36.671,0.179,0.49,8.8,205616233,,,81.0937,10.966,17.4326,38.1867,22774090762.4,20993674,,,,,,
2021-07-22,4425129,36.4423,36.9693,36.144,36.5715,-0.0995,-0.27,7.01,162918047,,,80.8738,10.9362,17.3853,38.0832,22712338889.4,24698265,,,,,,
2021-07-23,7872695,36.3926,36.3926,34.1056,34.1255,-2.446,-6.69,12.5,275864472,,,75.4646,10.2048,16.2225,35.536,21193242813.6,23327508,,,,,,
2021-07-26,6194909,34.1255,34.6923,32.0175,32.8826,-1.2429,-3.64,9.79,206841935,,,72.7161,9.8331,15.6316,34.2417,20421344401.1,24910199,,,,,,
2021-07-27,6251014,32.8826,33.4593,30.9237,31.0331,-1.8495,-5.62,9.91,200882328,,,68.6262,9.2801,14.7524,32.3158,19272759563.3,25700369,,,,,,
2021-07-28,6116064,30.9138,30.9138,29.0942,29.8101,-1.223,-3.94,9.64,183957422,,,65.9216,8.9143,14.171,31.0423,18513211525.4,28281786,,,,,,
2021-07-29,5330356,30.5161,31.2817,30.0288,30.8541,1.044,3.5,8.38,165434841,,,68.2304,9.2265,14.6674,32.1295,19161606191.9,24999047,,,,,,
2021-07-30,5257521,30.7348,31.5004,30.5359,30.884,0.0299,0.1,8.32,163894348,,,68.2964,9.2355,14.6815,32.1605,19180131753.8,32191887,,,,,,
2021-08-02,6425596,30.8144,32.2164,30.1283,32.1269,1.2429,4.02,10.12,203868737,,,71.045,9.6071,15.2724,33.4548,19952030166.3,28455383,,,,,,
2021-08-03,6526874,32.0274,32.3953,30.5857,30.7646,-1.3623,-4.24,10.41,205466861,,,68.0325,9.1998,14.6248,32.0363,19106029506.2,26783743,,,,,,
2021-08-04,3795548,30.6254,31.2519,30.6254,31.1027,0.3381,1.1,6.01,118064771,,,68.7801,9.3009,14.7855,32.3883,19315985874.4,27263382,,,,,,
2021-08-05,4127984,30.8144,31.2718,30.0388,30.2078,-0.8949,-2.88,6.53,126963240,,,66.8012,9.0333,14.3601,31.4564,18760219017.4,31690408,,,,,,
2021-08-06,3014879,30.2178,30.4266,29.83,29.8896,-0.3182,-1.05,4.76,90981954,,,66.0975,8.9381,14.2089,31.1251,18562613023.8,31876658,,,,,,
2021-08-09,7955910,30.1084,32.2164,29.8399,31.3513,1.4617,4.89,12.66,249300698,,,69.3298,9.3752,14.9037,32.6472,19470365556.9,30847907,,,,,,
2021-08-10,6956383,31.1425,32.3158,30.884,31.4706,0.1193,0.38,11.06,221718624,,,69.5937,9.4109,14.9604,32.7714,19544467804.5,32778663,,,,,,
2021-08-11,9652650,31.6297,33.0615,31.3612,32.2661,0.7955,2.53,15.37,314127548,,,71.3528,9.6488,15.3386,33.5998,20038482788.5,35825999,,,,,,
2021-08-12,7983585,32.1865,33.2505,31.3215,31.5104,-0.7557,-2.34,12.75,258082921,,,69.6817,9.4228,14.9793,32.8128,19569168553.7,35524074,,,,,,
2021-08-13,4753553,30.8641,31.5999,30.6254,30.884,-0.6264,-1.99,7.56,147990145,,,68.2964,9.2355,14.6815,32.1605,19180131753.8,35403581,,,,,,
2021-08-16,6550029,32.0473,33.9763,31.1425,33.9763,3.0923,10.01,10.55,218726200,,,75.1348,10.1602,16.1516,35.3807,21100615004.1,30745227,,,,,,
2021-08-17,12863838,35.796,37.377,35.1994,37.377,3.4007,10.01,20.58,477559350,,,82.6549,11.1771,17.7682,38.9219,23212529060.7,42390860,,,,,,
2021-08-18,25113344,37.6951,41.1156,37.4068,41.1156,3.7386,10,40.44,1014118222,,,90.9226,12.2951,19.5455,42.8151,25534399485.5,79625583,,,,,,
2021-08-19,14352504,39.7733,40.181,37.009,37.009,-4.1066,-9.99,23.05,546010322,,,81.8413,11.0671,17.5933,38.5388,22984047130.6,58006659,,,,,,
2021-08-20,19218063,33.8073,36.8897,33.3101,34.5431,-2.4659,-6.66,30.77,661802745,,,76.3882,10.3297,16.421,35.9709,21452600680.2,57426527,,,,,,
2021-08-23,11748367,33.7775,34.732,32.813,33.8968,-0.6463,-1.87,18.5,399651719,,,74.9589,10.1364,16.1138,35.2979,21051213505.7,58659048,,,,,,
2021-08-24,13918538,33.867,36.3926,33.4394,35.3286,1.4318,4.22,22.26,488862945,,,78.1253,10.5646,16.7944,36.7889,21940440476.9,64577458,,,,,,
2021-08-25,9515308,34.8016,35.0502,33.9266,34.4238,-0.9048,-2.56,15.09,329463840,,,76.1243,10.294,16.3643,35.8467,21378498432.6,62195475,,,,,,
2021-08-26,7794643,34.2846,35.1695,33.3201,33.4991,-0.9247,-2.69,12.31,266581972,,,74.0794,10.0175,15.9247,34.8837,20804206013.7,67173024,,,,,,
2021-08-27,8219222,33.33,34.1553,32.276,32.3059,-1.1932,-3.56,13.01,271285941,,,71.4407,9.6607,15.3575,33.6412,20063183537.7,61709691,,,,,,
2021-08-30,6267638,31.9578,32.803,31.5303,31.9877,-0.3182,-0.98,9.95,202190273,,,70.7371,9.5655,15.2062,33.3099,19865577544.1,54519304,,,,,,
2021-08-31,10524231,32.3357,34.4834,32.3357,33.8172,1.8295,5.72,16.67,355442992,,,74.783,10.1126,16.076,35.215,21001812007.3,60476211,,,,,,
2021-09-01,7814731,33.4593,33.4593,31.232,32.1368,-1.6804,-4.97,12.5,253098932,,,71.0669,9.6101,15.2771,33.4652,19958205353.6,61063739,,,,,,
2021-09-02,5027070,31.7192,32.6936,31.4706,32.3556,0.2188,0.68,7.93,162873064,,,71.5507,9.6755,15.3811,33.693,20094059474.2,60354362,,,,,,
2021-09-03,5768208,31.8882,33.1709,31.8882,32.4649,0.1093,0.34,9.19,188395293,,,71.7926,9.7082,15.4331,33.8069,20161986534.5,63609611,,,,,,
2021-09-06,7180173,31.9976,33.3101,31.6198,33.0317,0.5668,1.75,11.41,234955722,,,73.0459,9.8777,15.7025,34.3971,20513972210.6,60532926,,,,,,
2021-09-07,7291708,32.7732,33.8172,32.5147,33.0118,-0.0199,-0.06,11.64,243621190,,,73.0019,9.8718,15.6931,34.3763,20501621836,64092412,,,,,,
2021-09-08,11433669,33.0218,35.2988,33.0218,34.5332,1.5214,4.61,18.24,395208060,,,76.3662,10.3267,16.4163,35.9606,21446425492.9,66755597,,,,,,
2021-09-09,21198084,35.5474,37.7846,34.8016,36.9295,2.3963,6.94,33.64,782138986,,,81.6654,11.0433,17.5555,38.4559,22934645632.2,95874176,,,,,,
2021-09-10,12416419,35.4082,36.0644,34.7022,35.1099,-1.8196,-4.93,19.82,441212670,,,77.6415,10.4992,16.6905,36.5611,21804586356.3,87049130,,,,,,
2021-09-13,7465033,35.0999,35.4977,33.8073,33.9067,-1.2032,-3.43,11.87,256946568,,,74.9809,10.1394,16.1185,35.3082,21057388693,88772479,,,,,,
2021-09-14,6869400,33.9564,34.1553,32.624,32.7334,-1.1733,-3.46,10.95,228317298,,,72.3863,9.7885,15.5607,34.0864,20328716591.6,82278096,,,,,,
2021-09-15,4357005,32.0772,33.1709,32.0772,33.1312,0.3978,1.22,6.86,144096173,,,73.2658,9.9074,15.7498,34.5006,20575724083.6,81355819,,,,,,
2021-09-16,4958065,33.0715,33.4096,32.0175,32.0274,-1.1038,-3.33,7.83,161798321,,,70.8251,9.5774,15.2251,33.3513,19890278293.3,74592192,,,,,,
2021-09-17,3680931,31.8584,32.6539,31.8584,32.2959,0.2685,0.84,5.84,119144355,,,71.4188,9.6577,15.3528,33.6308,20057008350.4,72836825,,,,,,
2021-09-22,5480426,32.0175,33.678,31.9181,33.3698,1.0739,3.33,8.7,182870882,,,73.7935,9.9788,15.8633,34.7491,20723928578.8,72884064,,,,,,
2021-09-23,5990573,33.4096,33.9564,32.6539,33.7576,0.3878,1.16,9.47,200908527,,,74.6511,10.0948,16.0476,35.1529,20964760883.5,74968658,,,,,,
2021-09-24,10354380,33.7476,35.4281,33.1212,34.3542,0.5966,1.77,16.49,359496583,,,75.9704,10.2732,16.3312,35.7742,21335272121.5,87763577,,,,,,
2021-09-27,7342814,34.9011,35.3982,32.4252,32.8329,-1.5213,-4.43,11.71,247842203,,,72.6061,9.8182,15.608,34.19,20390468464.6,83938208,,,,,,
2021-09-28,7778705,32.6738,34.8613,31.938,34.1553,1.3224,4.03,12.37,264299090,,,75.5306,10.2137,16.2367,35.5671,21211768375.5,89735314,,,,,,
2021-09-29,11885343,34.1553,35.2988,32.8229,34.7917,0.6364,1.86,18.94,411993424,,,76.9379,10.404,16.5392,36.2298,21606980362.7,82007204,,,,,,
2021-09-30,13850332,35.9948,36.9892,35.1894,35.4678,0.6761,1.94,22.08,499249396,,,80.4408,10.1717,16.7456,36.9339,22026893099.1,91352581,,,,,,
2021-10-08,10708232,35.4678,38.1625,34.9806,35.0005,-0.4673,-1.32,16.96,392144196,,,79.3809,10.0377,16.5249,36.4472,21736659296,92591719,,,,,,
2021-10-11,8532642,34.1653,34.1653,32.813,32.8229,-2.1776,-6.22,13.58,283999573,,,74.4422,9.4132,15.4968,34.1796,20384293277.3,89914169,,,,,,
2021-10-12,5386900,32.8428,33.6482,32.3158,33.6482,0.8253,2.51,8.42,178973875,,,76.3139,9.6499,15.8865,35.039,20896833823.2,88608578,,,,,,
2021-10-13,3651795,33.5687,33.5687,32.5644,33.0814,-0.5668,-1.68,5.77,121130603,,,75.0285,9.4874,15.6189,34.4488,20544848147.1,89480738,,,,,,
2021-10-14,4160350,33.0118,33.0914,32.3158,32.8329,-0.2485,-0.75,6.57,136452052,,,74.4647,9.4161,15.5015,34.19,20390468464.6,85262286,,,,,,
2021-10-15,2813078,32.9621,32.9919,32.3953,32.6539,-0.179,-0.55,4.44,92365426,,,74.0588,9.3647,15.417,33.1522,20279315093.2,81988221,,,,,,
2021-10-18,2522528,32.4351,33.0814,32.4152,32.7235,0.0696,0.21,3.98,83059243,,,74.2166,9.3847,15.4499,33.2229,20322541404.3,79479158,,,,,,
2021-10-19,2866793,32.7235,32.7732,32.4152,32.5346,-0.1889,-0.58,4.56,93842835,,,73.7882,9.3305,15.3607,33.0311,20205212845.6,79814423,,,,,,
2021-10-20,3874936,32.6638,32.7632,32.0274,32.1865,-0.3481,-1.07,6.14,125757186,,,72.9989,9.2307,15.1964,32.6778,19989081290.1,78798948,,,,,,
2021-10-21,4657213,32.0175,32.1368,31.222,31.3911,-0.7954,-2.47,7.43,147344157,,,71.1948,9.0026,14.8208,31.8701,19495066306.1,76654309,,,,,,
2021-10-22,3668612,31.3911,32.3655,31.3911,32.1269,0.7358,2.34,5.83,117896640,,,72.8636,9.2136,15.1682,32.6172,19952030166.3,74196120,,,,,,
2021-10-25,3539299,32.1865,32.8726,32.1865,32.4351,0.3082,0.96,5.63,116104513,,,73.5626,9.302,15.3137,32.9301,20143460972.6,74262064,,,,,,
2021-10-26,3187088,31.8186,32.1169,31.401,31.8186,-0.6165,-1.9,5.08,101664362,,,72.1645,9.1252,15.0227,32.3042,19760599360,72317630,,,,,,
2021-10-27,3173798,31.9976,32.0175,30.884,30.9436,-0.875,-2.75,5.02,99214991,,,70.1799,8.8743,14.6095,31.4159,19217182877.6,71627341,,,,,,
2021-10-28,2998063,30.6254,30.8243,29.8499,29.8499,-1.0937,-3.53,4.75,90549358,,,67.6993,8.5606,14.0931,30.3054,18537912274.6,71586960,,,,,,
2021-10-29,2809518,30.0089,30.4067,28.9748,30.2874,0.4375,1.47,4.48,84051913,,,68.6915,8.686,14.2997,30.7496,18809620515.8,69915675,,,,,,
2021-11-01,2053625,30.3371,30.705,29.8499,30.3967,0.1093,0.36,3.27,62638040,,,68.9396,8.7174,14.3513,30.8606,18877547576.1,67505671,,,,,,
2021-11-02,2133537,30.3172,30.5757,29.6311,29.8399,-0.5568,-1.83,3.41,64572205,,,67.6767,8.5577,14.0884,30.2953,18531737087.3,67924443,,,,,,
2021-11-03,1302452,29.9692,30.2078,29.6212,29.9493,0.1094,0.37,2.08,39166286,,,67.9248,8.5891,14.1401,30.4064,18599664147.6,68097531,,,,,,
2021-11-04,1699781,30.1283,30.2376,29.8101,30.1283,0.179,0.6,2.7,51290616,,,68.3307,8.6404,14.2246,30.5881,18710817519,70197675,,,,,,
2021-11-05,1712162,30.1084,30.1084,29.8499,29.8697,-0.2586,-0.86,2.73,51482349,,,67.7444,8.5663,14.1025,30.3256,18550262649.2,67853992,,,,,,
2021-11-08,5544262,29.9294,32.8527,29.9294,32.8527,2.983,9.99,8.93,180752187,,,74.5098,9.4218,15.5109,33.3541,20402818839.2,66062017,,,,,,
2021-11-09,12259743,33.688,35.796,31.5701,32.1965,-0.6562,-2,19.67,414552787,,,73.0214,9.2336,15.2011,32.6878,19995256477.4,76895446,,,,,,
2021-11-10,6031231,32.5047,32.7632,31.0828,31.5899,-0.6066,-1.88,9.59,190712738,,,71.6458,9.0596,14.9147,32.0721,19618570052.1,75031507,,,,,,
2021-11-11,4425600,31.0828,31.9181,31.0828,31.1524,-0.4375,-1.38,6.91,139079450,,,70.6535,8.9341,14.7081,31.6279,19346861810.9,76793946,,,,,,
2021-11-12,3172184,31.222,31.3215,30.5359,30.8939,-0.2585,-0.83,4.96,98583076,,,70.0672,8.86,14.5861,31.3654,19186306941.1,75124384,,,,,,
2021-11-15,3094754,30.7249,31.5004,30.6354,31.2419,0.348,1.13,4.89,96957166,,,70.8565,8.9598,14.7504,31.7187,19402438496.6,74345091,,,,,,
2021-11-16,4541434,31.3414,31.7987,30.9436,31.7987,0.5568,1.78,7.17,143750005,,,72.1194,9.1195,15.0133,32.284,19748248985.4,71894689,,,,,,
2021-11-17,3066706,31.7192,32.1766,31.3314,31.4905,-0.3082,-0.97,4.88,97307982,,,71.4203,9.0311,14.8677,31.9711,19556818179.1,72989688,,,,,,
2021-11-18,2669278,31.4209,31.5004,30.9237,30.9536,-0.5369,-1.7,4.24,83314754,,,70.2025,8.8771,14.6142,31.426,19223358064.9,74005871,,,,,,
2021-11-19,1997889,30.9635,31.1027,30.7149,31.0431,0.0895,0.29,3.17,62131620,,,70.4055,8.9028,14.6565,31.5168,19278934750.6,72901833,,,,,,
2021-11-22,2618504,31.053,31.3215,30.7149,31.2021,0.159,0.51,4.16,81846662,,,70.7663,8.9484,14.7316,31.6783,19377737747.4,73390083,,,,,,
2021-11-23,2613961,31.2419,31.5701,31.1425,31.3911,0.189,0.61,4.14,82362884,,,71.1948,9.0026,14.8208,31.8701,19495066306.1,75813490,,,,,,
2021-11-24,3394295,31.3911,31.6695,30.8342,31.6098,0.2187,0.7,5.36,107157213,,,71.6909,9.0653,14.9241,32.0922,19630920426.7,75755891,,,,,,
2021-11-25,6452167,31.7192,33.3598,31.7192,32.1169,0.5071,1.6,10.29,211111829,,,72.841,9.2107,15.1635,32.6071,19945854979,82273899,,,,,,
2021-11-26,4328857,31.7093,32.7135,31.0629,32.2363,0.1194,0.37,6.83,139640819,,,73.1116,9.245,15.2198,32.7282,20019957226.6,81688209,,,,,,
2021-11-29,3785203,31.6198,31.7987,31.1723,31.1922,-1.0441,-3.24,6.01,119446203,,,70.7437,8.9455,14.7269,31.6682,19371562560.1,81756081,,,,,,
2021-11-30,2472238,31.2916,31.4308,31.1027,31.4209,0.2287,0.73,3.88,77663443,,,71.2624,9.0111,14.8349,31.9004,19513591868,82471867,,,,,,
2021-12-01,2354808,31.411,31.6794,31.1226,31.5502,0.1293,0.41,3.69,74244724,,,71.5556,9.0482,14.8959,32.0317,19593869302.9,80443914,,,,,,
2021-12-02,2124352,31.5502,31.5502,31.1226,31.1325,-0.4177,-1.32,3.34,66732826,,,70.6084,8.9284,14.6987,31.6077,19334511436.3,79176187,,,,,,
2021-12-03,2130975,31.0729,31.2817,30.6254,30.9038,-0.2287,-0.73,3.37,66200235,,,70.0897,8.8628,14.5908,31.3755,19192482128.4,77849569,,,,,,
2021-12-06,4244590,30.9237,32.1865,30.9237,31.3414,0.4376,1.42,6.76,135248428,,,71.082,8.9883,14.7973,31.8197,19464190369.6,79420132,,,,,,
2021-12-07,2954362,30.9436,31.3314,30.6752,31.0431,-0.2983,-0.95,4.7,91821932,,,70.4055,8.9028,14.6565,31.5168,19278934750.6,81175957,,,,,,
2021-12-08,1644938,30.8243,31.2519,30.8243,31.0331,-0.01,-0.03,2.6,51272416,,,70.3829,8.8999,14.6518,31.5067,19272759563.3,79121132,,,,,,
2021-12-09,5056535,31.1425,32.6439,30.9436,31.8087,0.7756,2.5,8.04,161548954,,,72.1419,9.1223,15.018,32.2941,19754424172.7,83643814,,,,,,
2021-12-10,3183647,31.5203,32.0672,31.4408,31.7391,-0.0696,-0.22,5.06,101543903,,,71.9841,9.1024,14.9851,32.2235,19711197861.6,83466589,,,,,,
2021-12-13,4742074,31.759,32.7533,31.749,32.3158,0.5767,1.82,7.41,154138886,,,73.292,9.2678,15.2574,32.809,20069358725,86209357,2800,0,,,,
2021-12-14,18034020,32.3655,35.5474,31.7689,34.3144,1.9986,6.18,28.79,627651304,,,77.8249,9.841,16.201,34.8381,21310571372.3,96079994,76200,0.01,73400,,,
2021-12-15,11896499,32.813,34.0559,32.4252,32.8826,-1.4318,-4.17,18.9,396048622,,,74.5775,9.4303,15.525,33.3844,20421344401.1,99194381,88900,0.01,12700,,,
2021-12-16,9592886,32.5047,34.0857,32.1667,33.1411,0.2585,0.79,15.16,317283389,,,75.1638,9.5045,15.6471,33.6469,20581899270.9,103844960,157224,0.02,68324,,,
2021-12-17,5577716,33.0317,33.1013,32.4152,32.4152,-0.7259,-2.19,8.76,182921394,,,73.5175,9.2963,15.3043,32.9099,20131110598,105880276,9324,0,-147900,,,
2021-12-20,3932949,32.4351,32.803,31.8286,31.8485,-0.5667,-1.75,6.21,127031470,,,72.2321,9.1338,15.0368,32.3345,19779124921.9,105827603,43324,0,34000,,,
2021-12-21,4474650,31.9678,32.4848,31.8385,32.3953,0.5468,1.72,7.07,144967038,,,73.4724,9.2906,15.295,32.8898,20118760223.4,111323038,125824,0.02,82500,,,
2021-12-22,7000717,32.7931,34.2547,32.0175,32.2363,-0.159,-0.49,11.15,231848232,,,73.1116,9.245,15.2198,32.7282,20019957226.6,109364918,184207,0.02,58383,,,
2021-12-23,6050266,31.928,32.1468,31.2021,31.2618,-0.9745,-3.02,9.66,192070637,,,70.9016,8.9655,14.7598,31.7389,19414788871.2,103784447,286383,0.04,102176,,,
2021-12-24,4245324,31.3612,31.5004,30.4862,30.5757,-0.6861,-2.19,6.76,131628989,,,69.3455,8.7687,14.4358,31.0424,18988700947.5,97904352,,,,,,
2021-12-27,2224629,30.5459,31.3612,30.2078,30.9536,0.3779,1.24,3.52,68786506,,,70.2025,8.8771,14.6142,31.426,19223358064.9,97985665,,,,,,
2021-12-28,1676543,31.0033,31.0928,30.7249,30.9138,-0.0398,-0.13,2.65,52030612,,,70.1123,8.8657,14.5955,31.3856,19198657315.7,96087851,149183,0.02,-137200,,,
2021-12-29,2164256,30.7249,31.2419,30.4266,30.8342,-0.0796,-0.26,3.44,67042484,,,69.9319,8.8429,14.5579,31.3048,19149255817.3,96270911,93583,0.01,-55600,,,
2021-12-30,1891550,30.7149,31.0828,30.5757,30.8044,-0.0298,-0.1,2.92,58703062,,,69.8642,8.8343,14.5438,31.2745,19130730255.4,97976049,78983,0.01,-14600,,,
2021-12-31,1653493,30.7348,31.0629,30.7249,30.8541,0.0497,0.16,2.61,51384338,,,70.099,8.5571,14.3198,30.9642,19161606191.9,94779903,79283,0.01,300,,,
2022-01-04,2141552,30.7746,31.3016,30.7746,31.1425,0.2884,0.93,3.41,66956193,,,70.7541,8.637,14.4536,31.2536,19340686623.6,95201951,83683,0.01,4400,,,
2022-01-05,2054240,31.1425,31.2817,30.6254,30.7945,-0.348,-1.12,3.28,63638906,,,69.9635,8.5405,14.2921,30.9043,19124555068.1,94318864,65683,0.01,-18000,,,
2022-01-06,1340303,30.6752,31.0232,30.6354,30.884,0.0895,0.29,2.12,41629398,,,70.1668,8.5653,14.3337,30.9941,19180131753.8,94370474,63283,0.01,-2400,,,
2022-01-07,2338990,30.9138,31.0132,30.2178,30.347,-0.537,-1.74,3.71,72020093,,,68.9469,8.4164,14.0845,30.4553,18846671639.6,89074093,36983,0,-26300,,,
2022-01-10,1741802,30.3271,30.3271,29.4223,30.0487,-0.2983,-0.98,2.77,52354297,,,68.2692,8.3337,13.946,30.1559,18661416020.6,88275996,84201,0.01,47218,,,
2022-01-11,1893288,30.1382,30.1879,29.6013,29.6212,-0.4275,-1.42,3.02,56790309,,,67.2978,8.2151,13.7476,29.7268,18395882966.7,87783215,100201,0.01,16000,,,
2022-01-12,1246240,29.9294,30.0786,29.7206,29.9891,0.3679,1.24,1.98,37477216,,,68.1336,8.3172,13.9183,30.096,18624364896.8,86926721,91801,0.01,-8400,,,
2022-01-13,2020289,30.1084,30.8044,29.7803,30.2476,0.2585,0.86,3.21,61560065,,,68.721,8.3889,14.0383,30.3555,18784919766.6,86288616,44383,0,-47418,,,
2022-01-14,1595318,29.8797,30.357,29.651,29.9592,-0.2884,-0.95,2.5,47954300,,,68.0658,8.3089,13.9045,30.0661,18605839334.9,85897551,69283,0.01,24900,,,
2022-01-17,1389981,29.8399,30.0587,29.7405,30.0587,0.0995,0.33,2.19,41766475,,,68.2917,8.3365,13.9506,30.1659,18667591207.9,86206627,62083,0.01,-7200,,,
2022-01-18,1225441,30.0587,30.168,29.8001,29.9692,-0.0895,-0.3,1.95,36874414,,,68.0884,8.3116,13.9091,30.0761,18612014522.2,85881175,51683,0,-10400,,,
2022-01-19,1310208,29.9692,30.1183,29.6311,29.7305,-0.2387,-0.8,2.06,39288952,,,67.5463,8.2455,13.7983,29.8366,18463810027,86095674,53883,0,2200,,,
2022-01-20,3922023,29.472,29.6311,27.3541,27.8413,-1.8892,-6.35,6.13,112011976,,,63.254,7.7215,12.9215,27.9406,17290524440,83499047,160283,0.02,106400,,,
2022-01-21,2948387,27.7021,27.7021,26.0416,26.3498,-1.4915,-5.36,4.62,78645578,,,59.8654,7.3078,12.2293,26.4438,16364246345,78239737,80583,0.01,-79700,,,
2022-01-24,2431967,25.9123,26.6382,23.864,26.6282,0.2784,1.06,3.87,63024916,,,60.4979,7.3851,12.3585,26.7232,16537151589.4,75640369,252033,0.04,171450,,,
2022-01-25,2062406,26.3498,26.6282,25.0572,25.1566,-1.4716,-5.53,3.3,53485512,,,57.1545,6.9769,11.6755,25.2463,15623223869,76972569,151727,0.02,-100306,,,
2022-01-26,1283000,25.445,25.8825,24.8782,25.3256,0.169,0.67,2.05,32712401,,,57.5386,7.0238,11.754,25.416,15728202053.1,77639405,191627,0.03,39900,,,
2022-01-27,1391007,25.256,25.4947,24.4606,24.5003,-0.8253,-3.26,2.17,34823781,,,55.6635,6.7949,11.3709,24.5877,15215661507.2,75669506,260427,0.04,68800,,,
2022-01-28,1245006,24.56,25.1566,24.3711,24.7788,0.2785,1.14,1.96,30978019,,,56.2961,6.8721,11.5002,24.8671,15388566751.6,74907711,236027,0.03,-24400,,,
2022-02-07,1385183,25.3555,25.8029,25.1566,25.6836,0.9048,3.65,2.21,35581465,,,58.3518,7.1231,11.9201,25.7752,15950508795.9,74692343,304534,0.04,68507,,,
2022-02-08,1220176,25.7234,25.9123,25.4052,25.8626,0.179,0.7,1.92,31526490,,,58.7585,7.1727,12.0032,25.9548,16061662167.3,74564808,279840,0.04,-24694,,,
2022-02-09,1209400,26.0018,26.0018,25.6637,25.8924,0.0298,0.12,1.92,31469011,,,58.8262,7.181,12.017,25.9848,16080187729.2,74444387,316933,0.05,37093,,,
2022-02-10,3482406,26.9464,28.4777,26.9464,28.4777,2.5853,9.98,5.61,99136924,,,64.6998,7.898,13.2169,28.5792,17685736427.2,71593837,330333,0.05,13400,,,
2022-02-11,10869877,29.8101,30.6155,27.7916,29.6908,1.2131,4.26,17.42,319266512,,,67.4559,8.2344,13.7799,29.7967,18439109277.8,84026757,180021,0.02,-150312,,,
2022-02-14,4861142,27.7717,29.7902,27.7618,28.418,-1.2728,-4.29,7.76,139618128,,,64.5643,7.8814,13.1892,28.5194,17648685303.4,86727634,144021,0.02,-36000,,,
2022-02-15,4517492,28.8356,28.8655,27.2049,28.0203,-0.3977,-1.4,7.19,126330350,,,63.6606,7.7711,13.0046,28.1202,17401677811.4,82414321,151655,0.02,7634,,,
2022-02-16,2137711,27.9407,28.1197,27.5529,27.8512,-0.1691,-0.6,3.39,59793334,,,63.2766,7.7243,12.9261,27.9506,17296699627.3,84322135,126897,0.02,-24758,,,
2022-02-17,5258310,27.9507,29.3328,27.7816,27.8612,0.01,0.04,8.42,151184700,,,63.2992,7.727,12.9307,27.9606,17302874814.6,80444498,136397,0.02,9500,,,
2022-02-18,3661681,27.5331,27.5331,26.6779,27.1453,-0.7159,-2.57,5.73,100013078,,,61.6727,7.5285,12.5985,27.2421,16858261329,84505553,406266,0.06,269869,,,
2022-02-21,2175956,27.1154,27.3044,27.0359,27.2248,0.0795,0.29,3.45,59419544,,,61.8534,7.5505,12.6354,27.3219,16907662827.4,83757570,321940,0.05,-84326,,,
2022-02-22,2416891,27.2049,27.2049,26.3498,26.5487,-0.6761,-2.48,3.81,64715432,,,60.3172,7.363,12.3216,26.6434,16487750091,82999322,338723,0.05,16783,,,
2022-02-23,1970907,26.668,27.026,26.4791,26.7973,0.2486,0.94,2.98,53026761,,,60.882,7.4319,12.437,26.8928,16642129773.5,78694491,236023,0.03,-102700,,,
2022-02-24,3675038,26.9464,27.1652,25.3256,25.5941,-1.2032,-4.49,5.82,96942898,,,58.1485,7.0983,11.8786,25.6854,15894932110.2,76863822,203924,0.03,-32099,,,
2022-02-25,2088908,25.8526,26.3498,25.8526,26.0714,0.4773,1.86,3.31,54863097,,,59.2329,7.2306,12.1001,26.1644,16191341100.6,74409563,445324,0.07,241400,,,
2022-02-28,1343494,26.4492,26.7674,25.6538,26.1112,0.0398,0.15,2.14,35120512,,,59.3232,7.2417,12.1185,26.2043,16216041849.8,74331287,317424,0.05,-127900,,,
2022-03-01,1367260,26.2305,26.3001,25.8626,26.0316,-0.0796,-0.3,2.15,35768257,,,59.1425,7.2196,12.0816,26.1245,16166640351.4,74699377,249535,0.04,-67889,,,
2022-03-02,1021049,25.9521,26.0217,25.6637,25.9421,-0.0895,-0.34,1.61,26563226,,,58.9392,7.1948,12.0401,26.0347,16111063665.7,74347903,236635,0.03,-12900,,,
2022-03-03,1748600,26.0117,26.0515,25.5941,25.6339,-0.3082,-1.19,2.74,45367088,,,58.2389,7.1093,11.897,25.7253,15919632859.4,74130946,163435,0.02,-73200,,,
2022-03-04,1739965,25.6538,25.7234,25.0572,25.1367,-0.4972,-1.94,2.76,44142555,,,57.1093,6.9714,11.6663,25.2264,15610873494.4,75199923,216035,0.03,52600,,,
2022-03-07,2304979,25.0771,25.1168,24.2518,24.381,-0.7557,-3.01,3.68,57023198,,,55.3924,6.7618,11.3156,24.468,15141559259.6,75199579,244635,0.03,28600,,,
2022-03-08,4127100,24.8285,24.8285,22.5713,22.7901,-1.5909,-6.53,3.33,96922777,,,51.7779,6.3206,10.5772,22.8714,14153529291.6,76517034,188122,0.03,-56513,,,
2022-03-09,2578701,22.6509,22.9591,21.3284,22.5117,-0.2784,-1.22,2.09,57566898,,,51.1454,6.2434,10.448,22.592,13980624047.2,74228341,367122,0.05,179000,,,
2022-03-10,2559476,22.7702,23.2972,22.6211,22.8895,0.3778,1.68,2.06,59005311,,,52.0038,6.3482,10.6233,22.9712,14215281164.6,74086819,265698,0.04,-101424,,,
2022-03-11,2416854,22.6012,23.1978,22.2532,22.9492,0.0597,0.26,1.94,55324779,,,52.1394,6.3647,10.651,23.031,14252332288.4,73673009,551975,0.08,286277,,,
2022-03-14,1383200,22.9194,22.9492,22.4918,22.5813,-0.3679,-1.6,1.1,31597750,,,51.3035,6.2627,10.4803,22.6618,14023850358.3,73724875,468535,0.07,-83440,,,
2022-03-15,2388497,22.5216,22.5216,21.229,21.2588,-1.3225,-5.86,1.91,52199329,,,48.299,5.8959,9.8665,21.3346,13202550447.4,72563028,497885,0.08,29350,,,
2022-03-16,2291969,21.577,21.8753,20.4932,21.6466,0.3878,1.82,1.83,48878383,,,49.18,6.0035,10.0465,21.7238,13443382752.1,71633701,664482,0.1,166597,,,
2022-03-17,2530976,21.7162,22.6907,21.7162,22.283,0.6364,2.94,2.05,56734824,,,50.6258,6.18,10.3418,22.3625,13838594739.3,69496151,840582,0.13,176100,,,
2022-03-18,3743135,22.273,23.4563,21.935,22.8299,0.5469,2.45,3,86259195,,,51.8683,6.3316,10.5956,22.9113,14178230040.8,69530554,394620,0.06,-445962,,,
2022-03-21,2531078,22.6608,23.0188,22.5515,22.7802,-0.0497,-0.22,2.05,57880280,,,51.7553,6.3178,10.5726,22.8614,14147354104.3,69257739,524098,0.08,129478,,,
2022-03-22,1726666,22.7802,22.7802,22.273,22.452,-0.3282,-1.44,1.38,39029804,,,51.0098,6.2268,10.4203,22.5321,13943572923.4,68910948,572698,0.09,48600,,,
2022-03-23,1617744,22.452,22.9591,22.452,22.6409,0.1889,0.84,1.27,36815748,,,51.4391,6.2792,10.508,22.7217,14060901482.1,69109498,535198,0.08,-37500,,,
2022-03-24,2944520,22.4421,23.3171,22.104,22.6708,0.0299,0.13,2.37,67353562,,,51.5068,6.2875,10.5218,22.7516,14079427044,69207813,379898,0.06,-155300,,,
2022-03-25,2139959,23.0685,23.0785,22.3128,22.3924,-0.2784,-1.23,1.72,48605680,,,50.8743,6.2103,10.3926,22.4722,13906521799.6,70966332,258998,0.04,-120900,,,
2022-03-28,1993358,22.0742,22.7205,21.6367,22.4123,0.0199,0.09,1.61,44767677,,,50.9195,6.2158,10.4018,22.4922,13918872174.2,69801898,554398,0.08,295400,,,
2022-03-29,1429081,22.4719,22.5316,21.9151,22.0145,-0.3978,-1.77,1.15,31823841,,,50.0159,6.1055,10.2172,22.093,13671864682.2,69445984,469900,0.07,-84498,,,
2022-03-30,1773706,22.3526,22.3824,21.8952,22.0245,0.01,0.05,1.38,39298405,,,50.0384,6.1083,10.2218,22.103,13678039869.5,68493531,498458,0.08,28558,,,
2022-03-31,1740323,21.9449,22.3327,21.6963,21.7262,-0.2983,-1.35,1.4,38545334,,,50.6299,5.896,10.0954,23.2177,13492784250.5,68972803,661058,0.1,162600,,,
2022-04-01,1893025,21.7262,21.8753,21.2887,21.6367,-0.0895,-0.41,1.51,41069019,,,50.4214,5.8717,10.0539,23.1221,13437207564.8,69318307,793541,0.12,132483,,,
2022-04-06,2323183,21.6466,21.7659,21.1395,21.2091,-0.4276,-1.98,1.83,49982372,,,49.425,5.7557,9.8552,22.6652,13171674510.9,70656453,842941,0.13,49400,,,
2022-04-07,2668520,21.0798,21.2787,20.2446,20.2943,-0.9148,-4.31,2.15,55344368,,,47.2932,5.5074,9.4301,21.6876,12603557279.3,70902338,716204,0.11,-126737,,,
2022-04-08,2376850,20.3043,20.523,19.827,20.0358,-0.2585,-1.27,1.92,48094788,,,46.6908,5.4372,9.31,21.4113,12443002409.5,69172576,922905,0.14,206701,,,
2022-04-11,2815106,20.0358,20.3838,19.1707,19.2602,-0.7756,-3.87,2.24,55802546,,,44.8834,5.2268,8.9496,20.5825,11961337800.1,67867418,830474,0.13,-92431,,,
2022-04-12,2904656,18.942,19.6281,18.8227,19.4889,0.2287,1.19,2.34,56185000,,,45.4163,5.2888,9.0559,20.8269,12103367108,66459404,1241988,0.2,411514,,,
2022-04-13,2051002,19.3895,19.4989,18.9122,19.131,-0.3579,-1.84,1.65,39582337,,,44.5821,5.1917,8.8895,20.4443,11881060365.2,65985462,1319340,0.21,77352,,,
2022-04-14,1607100,19.3596,19.4889,19.0713,19.0912,-0.0398,-0.21,1.27,31044697,,,44.4894,5.1809,8.8711,20.4018,11856359616,67922010,,,,,,
2022-04-15,4764715,18.9122,20.5628,18.594,18.952,-0.1392,-0.73,3.86,92980350,,,44.165,5.1431,8.8064,20.2531,11769906993.8,67572157,,,,,,
2022-04-18,3565403,18.3454,19.0514,18.0074,18.9719,0.0199,0.11,2.85,66580357,,,44.2114,5.1485,8.8156,20.2743,11782257368.4,67460695,,,,,,
2022-04-19,2397490,19.0415,19.3,18.594,18.6835,-0.2884,-1.52,1.93,45495563,,,43.5394,5.0703,8.6816,19.9662,11603176936.7,67655591,1242065,0.2,-77275,,,
2022-04-20,3339593,18.6934,19.2602,18.604,18.7332,0.0497,0.27,2.7,63380038,,,43.6553,5.0838,8.7047,20.0193,11634052873.2,70703064,1268666,0.2,26601,,,
2022-04-21,3411958,18.7034,18.7332,17.4406,17.5002,-1.233,-6.58,2.77,61663989,,,40.782,4.7492,8.1318,18.7017,10868329648,67096190,1246966,0.2,-21700,,,
2022-04-22,3827624,17.8085,18.1665,17.3213,17.898,0.3978,2.27,3.09,68630625,,,41.7089,4.8571,8.3166,19.1267,11115337140,66704168,1601710,0.25,354744,,,
2022-04-25,3858200,17.4207,17.6295,16.1181,16.1181,-1.7799,-9.94,3.1,65326181,,,37.5611,4.3741,7.4896,17.2247,10009978613.3,63794933,1607471,0.26,5761,,,
2022-04-26,3478483,16.1181,16.3965,15.3028,15.3127,-0.8054,-5,2.78,55411971,,,35.6842,4.1555,7.1153,16.364,9509788442,61332224,1839571,0.29,232100,,,
2022-04-27,4242644,15.3028,16.1977,15.0045,16.1778,0.8651,5.65,3.35,66834269,,,37.7002,4.3903,7.5173,17.2884,10047029737.1,58062199,2603015,0.42,763444,,,
2022-04-28,2656898,16.0982,16.2374,15.611,15.959,-0.2188,-1.35,2.13,42571286,,,37.1904,4.3309,7.4156,17.0547,9911175616.5,57228606,2717115,0.44,114100,,,
2022-04-29,2364036,16.2573,16.5357,15.9789,16.3965,0.4375,2.74,1.91,38695914,,,38.2099,4.4496,7.6189,17.5222,10182883857.7,56881626,3047415,0.49,330300,,,
2022-05-05,2430794,16.4164,17.0031,16.138,16.7346,0.3381,2.06,1.95,40910359,,,38.9978,4.5414,7.776,17.8835,10392840225.9,56017169,3206415,0.51,159000,,,
2022-05-06,1873648,16.4065,16.8937,16.2176,16.7545,0.0199,0.12,1.52,31399937,,,39.0441,4.5468,7.7853,17.9047,10405190600.5,56333557,,,,,,
2022-05-09,2423800,16.7644,17.5599,16.7644,16.9036,0.1491,0.89,1.92,41462733,,,39.3917,4.5873,7.8546,18.0641,10497818410,58179014,,,,,,
2022-05-10,3043807,16.5954,17.4008,16.5556,17.3014,0.3978,2.35,2.4,52473626,,,40.3186,4.6952,8.0394,18.4892,10744825902,57182831,3258515,0.52,52100,,,
2022-05-11,5554826,17.9477,19.0315,17.9378,19.0315,1.7301,10,4.52,105195480,,,44.3504,5.1647,8.8433,20.3381,11819308492.2,56503917,3242115,0.52,-16400,,,
2022-05-12,4692576,20.4832,20.9307,20.1849,20.9307,1.8992,9.98,3.83,97830818,,,48.7762,5.6801,9.7258,22.3676,12998769266.5,59071553,3043015,0.49,-199100,,,
2022-05-13,31241083,23.0287,23.0287,20.8611,21.3483,0.4176,2,25.39,698629390,,,49.7494,5.7934,9.9199,22.8139,13258127133.1,78180593,512469,0.08,-2530546,,,
2022-05-16,4650900,19.2105,19.6082,19.2105,19.2105,-2.1378,-10.01,3.78,89921676,,,44.7675,5.2133,8.9265,20.5293,11930461863.6,77610386,549069,0.08,36600,,,
2022-05-17,19083578,17.2914,19.0713,17.2914,18.8227,-0.3878,-2.02,15.41,345696099,,,43.8638,5.108,8.7463,20.1149,11689629558.9,83552809,260269,0.04,-288800,,,
2022-05-18,12524802,18.7829,18.8227,17.9477,18.1466,-0.6761,-3.59,10.05,230944572,,,42.2881,4.9246,8.4321,19.3924,11269716822.5,81402522,417669,0.06,157400,,,
2022-05-19,8528734,17.8483,18.077,17.4108,18.0074,-0.1392,-0.77,6.82,152284671,,,41.9637,4.8868,8.3674,19.2436,11183264200.3,83056933,534166,0.08,116497,,,
2022-05-20,7693454,18.1167,19.8071,18.1167,19.8071,1.7997,9.99,6.26,149787218,,,46.1578,5.3752,9.2037,21.1669,12300973101.6,81993938,445033,0.07,-89133,,,
2022-05-23,15784046,19.7574,20.3838,19.1011,19.3895,-0.4176,-2.11,12.64,309797541,,,45.1846,5.2619,9.0097,20.7206,12041615235,93091936,343003,0.05,-102030,,,
2022-05-24,21925831,19.4094,21.3284,19.2006,21.3284,1.9389,10,17.84,458807587,,,49.7031,5.788,9.9106,22.7927,13245776758.5,100345555,354086,0.05,11083,,,
2022-05-25,30703347,21.4776,23.4662,20.9009,22.3725,1.0441,4.9,24.84,696151473,,,52.1361,6.0714,10.3958,23.9084,13894171425,113192151,495737,0.08,141651,,,
2022-05-26,25279994,21.8753,24.5501,21.0301,22.8696,0.4971,2.22,20.46,577576173,,,53.2947,6.2063,10.6268,24.4397,14202930790,112796976,555020,0.08,59283,,,
2022-05-27,19060344,22.452,22.979,21.3682,21.5273,-1.3423,-5.87,15.19,420496815,,,50.1665,5.842,10.003,23.0052,13369280504.5,113252981,989773,0.16,434753,,,
2022-05-30,12621275,21.6764,21.756,20.8114,21.1097,-0.4176,-1.94,10.07,268224447,,,49.1933,5.7287,9.809,22.5589,13109922637.9,111566989,1301650,0.21,311877,,,
2022-05-31,12640258,21.2986,21.8256,20.7219,21.4776,0.3679,1.74,10.03,271580089,,,50.0506,5.8285,9.9799,22.9521,13338404568,115159357,871243,0.14,-430407,,,
2022-06-01,10774091,21.0997,21.3384,20.5827,20.9804,-0.4972,-2.31,8.63,227461555,,,48.8921,5.6936,9.7489,22.4208,13029645203,113930026,1037435,0.16,166192,,,
2022-06-02,7389740,20.7418,21.1494,20.5827,20.5926,-0.3878,-1.85,5.87,154138598,,,47.9884,5.5884,9.5687,22.0063,12788812898.3,106393052,942381,0.15,-95054,,,
2022-06-06,10977881,20.4435,21.5571,20.4435,21.4477,0.8551,4.15,8.78,234142402,,,49.9811,5.8204,9.9661,22.9202,13319879006.1,108988644,932259,0.15,-10122,,,
2022-06-07,9487941,21.1793,21.8554,20.5628,20.7617,-0.686,-3.2,7.62,200598827,,,48.3823,5.6342,9.6473,22.187,12893791082.4,102153245,418241,0.06,-514018,,,
2022-06-08,8880336,20.8114,21.1494,19.7972,20.2844,-0.4773,-2.3,7.16,182015118,,,47.27,5.5047,9.4255,21.6769,12597382092,97796219,766111,0.12,347870,,,
2022-06-09,6700945,20.0259,20.3043,19.5784,19.6878,-0.5966,-2.94,5.39,133721986,,,45.8797,5.3428,9.1483,21.0394,12226870854,93349276,874466,0.14,108355,,,
2022-06-10,7244205,19.5983,20.6423,19.469,20.3739,0.6861,3.48,5.83,147405199,,,47.4786,5.529,9.4671,21.7726,12652958777.7,91906653,1107266,0.17,232800,,,
2022-06-13,6172323,20.175,20.881,20.0855,20.6026,0.2287,1.12,4.98,127037466,,,48.0115,5.5911,9.5733,22.017,12794988085.6,94430004,996793,0.16,-110473,,,
2022-06-14,5594893,20.3739,20.6423,19.6878,20.5131,-0.0895,-0.43,4.44,113611776,,,47.803,5.5668,9.5318,21.9213,12739411399.9,93050929,887924,0.14,-108869,,,
2022-06-15,19771124,20.8213,22.5614,20.5727,22.5614,2.0483,9.99,16.08,441826846,,,52.5763,6.1226,10.4835,24.1103,14011499983.7,100894020,395608,0.06,-492316,,,
2022-06-16,26416349,22.989,24.3114,22.462,23.0983,0.5369,2.38,21.33,621852605,,,53.8276,6.2684,10.733,24.6841,14344960097.9,105877058,552962,0.08,157354,,,
2022-06-17,13383795,22.2233,22.8696,21.8753,22.5316,-0.5667,-2.45,10.69,300544010,,,52.5068,6.1145,10.4697,24.0784,13992974421.8,107331222,1154130,0.18,601168,,,
2022-06-20,13042659,22.2631,23.6452,22.0742,22.9691,0.4375,1.94,10.45,299868024,,,53.5264,6.2333,10.673,24.546,14264682663,114607235,745234,0.12,-408896,,,
2022-06-21,9862173,22.6708,22.8696,21.8654,21.9946,-0.9745,-4.24,7.92,220364033,,,51.2556,5.9688,10.2202,23.5046,13659514307.6,110007253,1104685,0.17,359451,,,
2022-06-22,8506536,22.0245,22.631,21.6665,22.3128,0.3182,1.45,6.84,188629717,,,51.997,6.0552,10.368,23.8446,13857120301.2,107217675,673792,0.1,-430893,,,
2022-06-23,6446644,21.8952,22.2233,21.6068,22.1637,-0.1491,-0.67,5.16,142287871,,,51.6495,6.0147,10.2987,23.6853,13764492491.7,109368315,588874,0.09,-84918,,,
2022-06-24,5753972,22.08,22.8,21.96,22.1,-0.0637,-0.29,4.62,128022793,,,51.2092,6.1751,10.2109,23.4834,13647163933,108906520,502974,0.08,-85900,,,
2022-06-27,20581153,22,24.31,21.92,24.31,2.21,10,16.79,490788731,,,56.3301,6.7926,11.232,25.8317,15011880326.3,107874178,861274,0.13,358300,,,
2022-06-28,23205591,24.25,25.2,23.29,23.5,-0.81,-3.33,18.65,557258937,,,54.4532,6.5662,10.8578,24.971,14511690155,129089872,672354,0.1,-188920,,,
2022-06-29,22523917,23.25,25.8,23.11,23.82,0.32,1.36,18.14,549484210,,,55.1947,6.6556,11.0056,25.311,14709296148.6,119278462,667535,0.1,-4819,,,
2022-06-30,16910010,23.6,25.1,23.4,24.15,0.33,1.39,13.6,408834324,,,55.9594,6.7479,11.1581,25.6617,14913077329.5,130401837,,,,,,
2022-07-01,17187468,23.87,25.41,23.85,25.01,0.86,3.56,13.78,427253671,,,57.9521,6.9881,11.5555,26.5755,15444143437.3,131951750,,,,,,
2022-07-04,13892143,25.01,25.5,24.25,24.82,-0.19,-0.76,11.19,343990548,,,57.5119,6.9351,11.4677,26.3736,15326814878.6,132408541,595760,0.09,-71775,,,
2022-07-05,11557385,24.83,25,23.64,23.66,-1.16,-4.67,9.31,277547613,,,54.824,6.6109,10.9317,25.141,14610493151.8,129803101,546910,0.08,-48850,,,
2022-07-06,7784252,23.38,24.18,23.01,23.81,0.15,0.63,6.22,183455643,,,55.1716,6.6528,11.001,25.3004,14703120961.3,134005714,588934,0.09,42024,,,
2022-07-07,7198219,24.2,24.29,23.32,23.34,-0.47,-1.97,5.74,170300163,,,54.0825,6.5215,10.7839,24.801,14412887158.2,136435685,454405,0.07,-134529,,,
2022-07-08,8195325,23.3,24.6,23.15,23.75,0.41,1.76,6.61,196571178,,,55.0325,6.6361,10.9733,25.2366,14666069837.5,134120084,483058,0.07,28653,,,
2022-07-11,7088842,23.75,23.75,22.6,22.87,-0.88,-3.71,5.68,162976998,,,52.9934,6.3902,10.5667,24.3016,14122653355.1,131669357,457122,0.07,-25936,,,
2022-07-12,6814498,22.51,23,22,22,-0.87,-3.8,5.32,152509293,,,50.9775,6.1471,10.1647,23.3771,13585412060,131132585,731419,0.11,274297,,,
2022-07-13,6292741,22,22.49,21.5,22.41,0.41,1.86,5.02,138769809,,,51.9275,6.2617,10.3542,23.8128,13838594739.3,127109418,665618,0.1,-65801,,,
2022-07-14,5430709,22.18,22.57,21.81,22.25,-0.16,-0.71,4.33,120703078,,,51.5568,6.217,10.2803,23.6427,13739791742.5,124022175,635853,0.1,-29765,,,
2022-07-15,7861610,22.17,23.28,22.13,22.53,0.28,1.26,6.32,179035092,,,52.2056,6.2952,10.4096,23.9403,13912696986.9,123468353,400142,0.06,-235711,,,
2022-07-18,10960087,22.35,23.68,22.24,23.47,0.94,4.17,8.81,255728784,,,54.3837,6.5578,10.8439,24.9391,14493164593.1,134130085,691942,0.11,291800,,,
2022-07-19,7829236,23.04,23.66,22.9,23.22,-0.25,-1.07,6.29,181417199,,,53.8044,6.488,10.7284,24.6735,14338784910.6,135188918,550125,0.08,-141817,,,
2022-07-20,5474720,23.33,23.45,22.77,22.97,-0.25,-1.08,4.39,125699724,,,53.2251,6.4181,10.6129,24.4078,14184405228.1,131465531,680225,0.11,130100,,,
2022-07-21,6887286,22.86,22.92,22.09,22.12,-0.85,-3.7,5.53,154621769,,,51.2556,6.1806,10.2202,23.5046,13659514307.6,130006004,560014,0.09,-120211,,,
2022-07-22,5379331,22.14,22.73,21.86,22,-0.12,-0.54,4.3,119453049,,,50.9775,6.1471,10.1647,23.3771,13585412060,127396207,614564,0.09,54550,,,
2022-07-25,4653272,22.05,22.4,21.4,21.51,-0.49,-2.23,3.74,101417845,,,49.8421,6.0102,9.9383,22.8564,13282827882.3,127979010,608870,0.09,-5694,,,
2022-07-26,3498452,21.62,21.76,21.16,21.7,0.19,0.88,2.79,75320163,,,50.2823,6.0633,10.0261,23.0583,13400156441,125419686,769476,0.12,160606,,,
2022-07-27,3090557,21.73,21.97,21.55,21.93,0.23,1.06,2.45,67471957,,,50.8153,6.1276,10.1324,23.3027,13542185748.9,125557198,700757,0.11,-68719,,,
2022-07-28,3295235,21.98,22.2,21.8,21.86,-0.07,-0.32,2.66,72307044,,,50.6531,6.108,10.1001,23.2283,13498959437.8,126640446,596557,0.09,-104200,,,
2022-07-29,4363188,21.86,22,21.21,21.26,-0.6,-2.74,3.51,94066983,,,49.2628,5.9403,9.8228,22.5908,13128448199.8,121378189,693340,0.11,96783,,,
2022-08-01,2988378,21.15,21.54,20.77,21.44,0.18,0.85,2.4,63516696,,,49.6799,5.9906,9.906,22.782,13239601571.2,120629371,644845,0.1,-48495,,,
2022-08-02,6174198,21.25,21.25,19.64,19.88,-1.56,-7.28,4.97,123998396,,,46.0651,5.5548,9.1852,21.1244,12276272352.4,117043556,706952,0.11,62107,,,
2022-08-03,4076410,18.9,20.2,18.9,19.58,-0.3,-1.51,3.28,80797157,,,45.37,5.4709,9.0466,20.8056,12091016733.4,115250930,1084352,0.17,377400,,,
2022-08-04,2779874,19.6,19.98,19.5,19.92,0.34,1.74,2.22,54937259,,,46.1578,5.5659,9.2037,21.1669,12300973101.6,112638934,1214052,0.19,129700,,,
2022-08-05,2483206,19.91,20.19,19.7,20.08,0.16,0.8,1.98,49524329,,,46.5285,5.6106,9.2776,21.3369,12399776098.4,110816251,1228452,0.19,14400,,,
2022-08-08,2592274,20.07,20.28,19.71,20.06,-0.02,-0.1,2.08,51700339,,,46.4822,5.605,9.2684,21.3157,12387425723.8,108768284,1401526,0.22,173074,,,
2022-08-09,2979771,20,20.05,19.75,19.87,-0.19,-0.95,2.41,59248316,,,46.0419,5.552,9.1806,21.1138,12270097165.1,109917033,1376426,0.22,-25100,,,
2022-08-10,2653600,19.81,19.98,19.6,19.7,-0.17,-0.86,2.14,52431332,,,45.648,5.5045,9.1021,20.9331,12165118981,105080459,1428726,0.23,52300,,,
2022-08-11,3833018,19.88,19.99,19.73,19.91,0.21,1.07,3.07,76223396,,,46.1346,5.5631,9.1991,21.1563,12294797914.3,106407540,1924444,0.31,495718,,,
2022-08-12,4394000,20,20.21,19.88,19.88,-0.03,-0.15,3.55,87932968,,,46.0651,5.5548,9.1852,21.1244,12276272352.4,107780394,1449527,0.23,-474917,,,
2022-08-15,4067996,19.88,19.89,19.32,19.6,-0.28,-1.41,3.28,79595864,,,45.4163,5.4765,9.0559,20.8269,12103367108,106237937,1615332,0.26,165805,,,
2022-08-16,5316950,19.6,20.33,19.6,20,0.4,2.04,4.28,106279435,,,46.3432,5.5883,9.2407,21.2519,12350374600,110218013,746288,0.12,-869044,,,
2022-08-17,6448048,20.1,20.58,20,20.44,0.44,2.2,5.19,131067923,,,47.3627,5.7112,9.444,21.7194,12622082841.2,111138655,790250,0.12,43962,,,
2022-08-18,4080435,20.37,20.38,20.01,20.05,-0.39,-1.91,3.3,82051349,,,46.459,5.6023,9.2638,21.305,12381250536.5,114691406,368095,0.05,-422155,,,
2022-08-19,3996036,20,20.33,19.81,19.95,-0.1,-0.5,3.19,80130899,,,46.2273,5.5743,9.2176,21.1988,12319498663.5,111657809,588095,0.09,220000,,,
2022-08-22,3934883,20.11,20.5,20.01,20.15,0.2,1,3.18,79514379,,,46.6908,5.6302,9.31,21.4113,12443002409.5,111680984,663144,0.1,75049,,,
2022-08-23,3292724,20.02,20.18,19.81,19.85,-0.3,-1.49,2.66,65682273,,,45.3227,5.4067,9.17,19.9621,12257746790.5,110012960,358170,0.05,-304974,,,
2022-08-24,3753431,19.86,20.17,19.15,19.18,-0.67,-3.38,3.02,73288402,,,43.7929,5.2242,8.8605,19.2883,11844009241.4,108937209,308963,0.05,-49207,,,
2022-08-25,3696207,19.18,19.39,18.5,19.05,-0.13,-0.68,3,69747345,,,43.4961,5.1888,8.8005,19.1576,11763731806.5,106052414,587163,0.09,278200,,,
2022-08-26,2629598,19.13,19.16,18.65,18.69,-0.36,-1.89,2.11,49580272,,,42.6741,5.0908,8.6341,18.7956,11541425063.7,102379983,640059,0.1,52896,,,
2022-08-29,1841575,18.35,18.94,18.25,18.89,0.2,1.07,1.49,34378660,,,43.1308,5.1452,8.7265,18.9967,11664928809.7,102584327,837759,0.13,197700,,,
2022-08-30,1544800,18.84,19.08,18.63,18.72,-0.17,-0.9,1.25,28950246,,,42.7426,5.0989,8.648,18.8257,11559950625.6,102531695,778077,0.12,-59682,,,
2022-08-31,2739552,18.67,18.77,18.1,18.18,-0.54,-2.88,2.21,50101944,,,41.5097,4.9518,8.3985,18.2827,11226490511.4,100134069,676719,0.1,-101358,,,
2022-09-01,1929582,18.18,18.45,18.17,18.19,0.01,0.06,1.56,35362803,,,41.5325,4.9546,8.4032,18.2928,11232665698.7,98165429,659437,0.1,-17282,,,
2022-09-02,1774269,18.29,18.44,18.12,18.26,0.07,0.38,1.42,32315991,,,41.6923,4.9736,8.4355,18.3631,11275892009.8,97384235,754519,0.12,95082,,,
2022-09-05,1724613,18.3,18.38,18.1,18.35,0.09,0.49,1.38,31444975,,,41.8978,4.9981,8.4771,18.4537,11331468695.5,98712435,800357,0.12,45838,,,
2022-09-06,2252907,18.4,18.59,18.23,18.59,0.24,1.31,1.81,41550472,,,42.4458,5.0635,8.5879,18.695,11479673190.7,97864277,1120957,0.18,320600,,,
2022-09-07,2152376,18.79,18.87,18.52,18.73,0.14,0.75,1.74,40227803,,,42.7655,5.1017,8.6526,18.8358,11566125812.9,95851327,934888,0.15,-186069,,,
2022-09-08,1813700,18.99,18.99,18.42,18.44,-0.29,-1.55,1.45,33798505,,,42.1033,5.0227,8.5187,18.5442,11387045381.2,96467854,631888,0.1,-303000,,,
2022-09-09,1452472,18.41,18.63,18.18,18.48,0.04,0.22,1.16,26761758,,,42.1946,5.0336,8.5371,18.5844,11411746130.4,96074121,694937,0.11,63049,,,
2022-09-13,1314199,18.52,18.65,18.42,18.55,0.07,0.38,1.05,24351395,,,42.3545,5.0526,8.5695,18.6548,11454972441.5,95090497,724121,0.11,29184,,,
2022-09-14,1593385,18.27,18.45,18.17,18.34,-0.21,-1.13,1.29,29140894,,,41.875,4.9954,8.4725,18.4436,11325293508.2,96675477,754521,0.12,30400,,,
2022-09-15,3188973,18.35,18.49,17.41,17.67,-0.67,-3.65,2.58,56907671,,,40.3452,4.8129,8.1629,17.7698,10911555959.1,96853231,555647,0.08,-198874,,,
2022-09-16,2309524,17.67,17.67,17.19,17.24,-0.43,-2.43,1.85,40137958,,,39.3634,4.6958,7.9643,17.3374,10646022905.2,96671870,688731,0.11,133084,,,
2022-09-19,1585493,17.24,17.29,16.78,17.12,-0.12,-0.7,1.27,27069634,,,39.0894,4.6631,7.9089,17.2167,10571920657.6,95519540,815714,0.13,126983,,,
2022-09-20,2061798,17.17,17.82,17.17,17.6,0.48,2.8,1.65,36143275,,,40.1854,4.7939,8.1306,17.6994,10868329648,94397837,1070914,0.17,255200,,,
2022-09-21,7155578,17.54,19.36,17.35,18.82,1.22,6.93,5.74,133822776,,,42.971,5.1262,8.6942,18.9263,11621702498.6,96289468,783757,0.12,-287157,,,
2022-09-22,4167926,18.36,18.79,18.18,18.43,-0.39,-2.07,3.36,76918817,,,42.0805,5.0199,8.514,18.5341,11380870193.9,99528536,639205,0.1,-144552,,,
2022-09-23,2512096,18.2,18.52,17.92,18,-0.43,-2.33,1.98,45726954,,,41.0987,4.9028,8.3154,18.1017,11115337140,98523153,501898,0.08,-137307,,,
2022-09-26,2849036,17.88,18.35,17.52,17.58,-0.42,-2.33,2.29,51181357,,,40.1397,4.7884,8.1214,17.6793,10855979273.4,100572337,535839,0.08,33941,,,
2022-09-27,3127259,17.76,18.2,17.58,18.12,0.54,3.07,2.51,55940745,,,41.3727,4.9355,8.3708,18.2224,11189439387.6,100531471,974839,0.15,439000,,,
2022-09-28,2162871,18.14,18.29,17.52,17.52,-0.6,-3.31,1.71,38563996,,,40.0027,4.7721,8.0936,17.619,10818928149.6,98429139,885433,0.14,-89406,,,
2022-09-29,3187223,18,18,16.78,16.93,-0.59,-3.37,2.57,54859167,,,38.6556,4.6114,7.8211,17.0256,10454592098.9,97951956,596417,0.09,-289016,,,
2022-09-30,1732506,16.93,17.01,16.52,16.65,-0.28,-1.65,1.4,29014080,,,38.016,4.537,7.691732042493221,16.74405140243951,10281686855,95710652,609817,0.09,13400,,,
2022-10-10,1948271,16.7,17.09,16.03,16.24,-0.41,-2.46,1.57,32451873,,,37.0801,4.4234,7.5023,16.3317,10028504175.2,98032242,628911,0.1,19094,,,
2022-10-11,1745800,16.25,16.5,15.85,16.42,0.18,1.11,1.41,28271602,,,37.4911,4.4725,7.5855,16.5128,10139657546.6,97415021,834511,0.13,205600,,,
2022-10-12,2079164,16.47,16.95,16.15,16.92,0.5,3.05,1.66,34419644,,,38.6328,4.6086,7.8165,17.0156,10448416911.6,96226687,1232701,0.19,398190,,,
2022-10-13,2223323,16.77,17.2,16.72,17.1,0.18,1.06,1.8,37902751,,,39.0437,4.6577,7.8996,17.1966,10559570283,94296275,1381559,0.22,148858,,,
2022-10-14,2197066,17.15,17.5,17.15,17.38,0.28,1.64,1.74,38188406,,,39.6831,4.7339,8.029,17.4782,10732475527.4,93580639,1637659,0.26,256100,,,
2022-10-17,2185400,17.43,17.85,17.18,17.72,0.34,1.96,1.77,38663484,,,43.0596,4.6736,8.1505,17.8201,10942431895.6,94093196,1717026,0.27,79367,,,
2022-10-18,2153456,17.68,18.06,17.6,17.9,0.18,1.02,1.74,38466418,,,43.497,4.721,8.2333,17.4047,11053585267,95786971,1828326,0.29,111300,,,
2022-10-19,2557986,17.85,18.19,17.77,17.88,-0.02,-0.11,2.06,45943131,,,43.4484,4.7158,8.2241,17.3852,11041234892.4,93110326,1793681,0.29,-34645,,,
2022-10-20,1822295,17.88,18.05,17.64,17.65,-0.23,-1.29,1.46,32422415,,,42.8895,4.6551,8.1183,17.1616,10899205584.5,91730726,1956180,0.31,162499,,,
2022-10-21,1498800,17.66,17.96,17.62,17.8,0.15,0.85,1.21,26667792,,,43.254,4.6947,8.1873,17.3074,10991833394,91940276,2087580,0.33,131400,,,
2022-10-24,2436216,17.97,18.24,17.6,17.7,-0.1,-0.56,1.96,43813534,,,43.011,4.6683,8.1413,17.2102,10930081521,91494724,1904580,0.3,-183000,,,
2022-10-25,2500322,17.66,17.73,17.14,17.16,-0.54,-3.05,1.99,43353179,,,41.6988,4.5259,7.8929,16.6851,10596621406.8,90983850,2039971,0.33,135391,,,
2022-10-26,1804242,17.27,17.67,17.21,17.52,0.36,2.1,1.45,31537516,,,42.5736,4.6208,8.0585,17.0352,10818928149.6,90049646,2303571,0.37,263600,,,
2022-10-27,1622108,17.7,17.81,17.5,17.52,0,0,1.31,28605286,,,42.5736,4.6208,8.0585,17.0352,10818928149.6,90033020,2154749,0.34,-148822,,,
2022-10-28,2293619,17.47,17.47,16.51,16.55,-0.97,-5.54,1.84,38812885,,,40.2165,4.365,7.6123,16.092,10219934981.5,89478038,1849370,0.29,-305379,,,
2022-10-31,1491183,16.54,16.79,16.38,16.6,0.05,0.3,1.19,24742862,,,40.338,4.3782,7.6353,16.1406,10250810918,88758165,1862170,0.3,12800,,,
2022-11-01,2672782,16.65,17.31,16.6,17.3,0.7,4.22,2.14,45559897,,,42.039,4.5628,7.9573,16.8213,10683074029,87764826,2467553,0.39,605383,,,
2022-11-02,1841135,17.3,17.54,17.21,17.5,0.2,1.16,1.46,32140107,,,42.525,4.6155,8.0493,17.0157,10806577775,87955995,2534353,0.41,66800,,,
2022-11-03,1527103,17.5,17.71,17.4,17.65,0.15,0.86,1.23,26872104,,,42.8895,4.6551,8.1183,17.1616,10899205584.5,87381010,2599835,0.42,65482,,,
2022-11-04,2877484,17.55,18.22,17.54,17.9,0.25,1.42,2.32,51553854,,,43.497,4.721,8.2333,17.4047,11053585267,85604001,2582219,0.41,-17616,,,
2022-11-07,5105841,18.47,18.72,17.82,17.88,-0.02,-0.11,4.13,92570954,,,43.4484,4.7158,8.2241,17.3852,11041234892.4,88371513,2070447,0.33,-511772,,,
2022-11-08,2837887,17.89,17.92,17.58,17.7,-0.18,-1.01,2.26,50287888,,,43.011,4.6683,8.1413,17.2102,10930081521,88029761,2086712,0.33,16265,,,
2022-11-09,2289312,17.78,17.97,17.71,17.86,0.16,0.9,1.83,40922144,,,43.3998,4.7105,8.2149,17.3658,11028884517.8,86891770,2115300,0.34,28588,,,
2022-11-10,2246535,17.7,17.8,17.55,17.59,-0.27,-1.51,1.81,39650496,,,42.7437,4.6393,8.0907,17.1032,10862154460.7,86607804,2207000,0.35,91700,,,
2022-11-11,2683526,17.8,17.99,17.56,17.58,-0.01,-0.06,2.15,47525399,,,42.7194,4.6366,8.0861,17.0935,10855979273.4,87743165,2232774,0.36,25774,,,
2022-11-14,2445798,17.64,17.64,17.31,17.33,-0.25,-1.42,1.97,42656093,,,42.1119,4.5707,7.9711,16.8504,10701599590.9,88522261,2568774,0.41,336000,,,
2022-11-15,3585971,17.33,17.78,17.2,17.76,0.43,2.48,2.89,62989388,,,43.1568,4.6841,8.1689,17.2685,10967132644.8,90229725,3424548,0.55,855774,,,
2022-11-16,2608550,17.77,18.08,17.75,17.81,0.05,0.28,2.11,46631553,,,43.2783,4.6973,8.1919,17.3172,10998008581.3,91353262,3593197,0.58,168649,,,
2022-11-17,1736801,17.75,17.75,17.47,17.65,-0.16,-0.9,1.39,30542011,,,42.8895,4.6551,8.1183,17.1616,10899205584.5,91605926,3696344,0.59,103147,,,
2022-11-18,1800051,17.58,17.77,17.4,17.4,-0.25,-1.42,1.43,31616010,,,42.282,4.5892,8.0033,16.9185,10744825902,92207544,3613444,0.58,-82900,,,
2022-11-21,1764840,17.25,17.39,17.05,17.3,-0.1,-0.57,1.42,30350366,,,42.039,4.5628,7.9573,16.8213,10683074029,90788956,3591595,0.58,-21849,,,
2022-11-22,4511000,17.39,18.19,17.34,17.41,0.11,0.64,3.66,79787305,,,42.3063,4.5918,8.0079,16.9282,10751001089.3,93320132,2748029,0.44,-843566,,,
2022-11-23,3457000,17.33,17.55,16.86,17.03,-0.38,-2.18,2.8,59107458,,,41.3829,4.4916,7.8331,16.5587,10516343971.9,93864655,2584412,0.41,-163617,,,
2022-11-24,14684234,17.02,18.73,17.02,18.73,1.7,9.98,11.95,272922471,,,45.5139,4.94,8.6151,18.2117,11566125812.9,88144965,2526112,0.4,-58300,,,
2022-11-25,17640230,18.74,18.74,17.98,18.2,-0.53,-2.83,14.14,320425946,,,44.226,4.8002,8.3713,17.6964,11238840886,106258033,1919595,0.31,-606517,,,
2022-11-28,22101233,18.02,19.99,17.81,19.5,1.3,7.14,17.81,415998589,,,47.385,5.143,8.9692,18.9604,12041615235,112520270,1320540,0.21,-599055,,,
2022-11-29,20409244,19.04,20.97,18.91,19.68,0.18,0.92,16.39,401705056,,,47.8224,5.1905,9.052,19.1354,12152768606.4,117869140,1211140,0.19,-109400,,,
2022-11-30,10812015,19.56,19.67,19.1,19.3,-0.38,-1.93,8.7,209188573,,,46.899,5.0903,8.8772,18.7659,11918111489,117451652,564440,0.09,-646700,,,
2022-12-01,8839283,19.2,19.47,18.83,18.91,-0.39,-2.02,7.04,168647964,,,45.9513,4.9874,8.6979,18.3867,11677279184.3,117950926,502438,0.08,-62002,,,
2022-12-02,5377479,19.01,19.14,18.81,18.93,0.02,0.11,4.29,101905156,,,45.9999,4.9927,8.7071,18.4062,11689629558.9,118437482,449729,0.07,-52709,,,
2022-12-05,10350273,18.93,19.92,18.83,19.58,0.65,3.43,8.32,201261421,,,47.5794,5.1641,9.006,19.0382,12091016733.4,125452684,412496,0.06,-37233,,,
2022-12-06,6128147,19.3,19.5,19.08,19.14,-0.44,-2.25,4.95,117743332,,,46.5102,5.0481,8.8036,18.6104,11819308492.2,127913859,609896,0.09,197400,,,
2022-12-07,5848065,19.06,19.48,18.68,19.3,0.16,0.84,4.7,111838447,,,46.899,5.0903,8.8772,18.7659,11918111489,128627617,511497,0.08,-98399,,,
2022-12-08,4194526,19.18,19.25,18.88,18.91,-0.39,-2.02,3.35,79742735,,,45.9513,4.9874,8.6979,18.3867,11677279184.3,125446539,416197,0.06,-95300,,,
2022-12-09,6675997,18.98,19.48,18.68,19.26,0.35,1.85,5.3,128327210,,,46.8018,5.0797,8.8588,18.727,11893410739.8,124144059,627497,0.1,211300,,,
2022-12-12,4023899,19.19,19.37,18.94,19.02,-0.24,-1.25,3.23,76703136,,,46.2186,5.0164,8.7484,18.4937,11745206244.6,120581444,529597,0.08,-97900,,,
2022-12-13,4131915,18.87,19.3,18.87,19.1,0.08,0.42,3.31,78802565,,,46.413,5.0375,8.7852,18.5715,11794607743,118917267,583497,0.09,53900,,,
2022-12-14,6066964,19,19.4,18.91,19.4,0.3,1.57,4.8,117035962,,,47.142,5.1167,8.9232,18.8632,11979863362,117834857,826497,0.13,243000,,,
2022-12-15,5026400,19.59,19.6,18.98,19.08,-0.32,-1.65,4.04,96293857,,,46.3644,5.0323,8.776,18.552,11782257368.4,122618344,606213,0.09,-220284,,,
2022-12-16,3519192,18.9,19.24,18.85,19.12,0.04,0.21,2.82,66938234,,,46.4616,5.0428,8.7944,18.5909,11806958117.6,125197000,518913,0.08,-87300,,,
2022-12-19,4570800,19.07,19.35,18.7,19,-0.12,-0.63,3.64,87145048,,,46.17,5.0112,8.7392,18.4742,11732855870,123186650,604525,0.09,85612,,,
2022-12-20,4497181,18.76,18.89,18.02,18.13,-0.87,-4.58,3.59,82207912,,,44.0559,4.7817,8.3391,17.6283,11195614574.9,121518029,595783,0.09,-8742,,,
2022-12-21,4222560,18.13,18.3,17.21,17.72,-0.41,-2.26,3.35,75192094,,,43.0596,4.6736,8.1505,17.2296,10942431895.6,117781781,937123,0.15,341340,,,
2022-12-22,3839813,17.73,17.9,17.05,17.18,-0.54,-3.05,3.07,66927395,,,41.7474,4.5311,7.9021,16.7046,10608971781.4,115009633,1001864,0.16,64741,,,
2022-12-23,3808354,17.15,17.3,16.6,16.76,-0.42,-2.44,3.06,64416435,,,40.7268,4.4204,7.7089,16.2962,10349613914.8,112416411,,,,,,
2022-12-26,3384100,16.93,17.48,16.82,17.41,0.65,3.88,2.74,58276934,,,42.3063,4.5918,8.0079,16.9282,10751001089.3,111078787,,,,,,
2022-12-27,2593968,17.42,17.93,17.25,17.36,-0.05,-0.29,2.09,45328058,,,42.1848,4.5786,7.9849,16.8796,10720125152.8,111046819,,,,,,
2022-12-28,2385007,17.35,17.56,16.99,17.1,-0.26,-1.5,1.93,41082786,,,41.553,4.51,7.8653,16.6268,10559570283,110154098,1028196,0.16,26332,,,
2022-12-29,2069458,17.14,17.18,16.91,16.92,-0.18,-1.05,1.65,35206496,,,41.1156,4.4626,7.7825,16.4518,10448416911.6,109738626,1046538,0.16,18342,,,
2022-12-30,1890206,17.05,17.16,16.82,16.91,-0.01,-0.06,1.53,31994402,,,41.0913,4.4599,7.7779,16.4421,10442241724.3,109513803,1034532,0.16,-12006,,,
2023-01-03,2088394,16.93,17.25,16.82,17.19,0.28,1.66,1.67,35627939,,,41.7717,4.5338,7.9067,16.7143,10615146968.7,109863397,1188135,0.19,153603,,,
2023-01-04,2350470,17.19,17.39,17.11,17.21,0.02,0.12,1.88,40525137,,,41.8203,4.5391,7.9159,16.7338,10627497343.3,110095363,1141888,0.18,-46247,,,
2023-01-05,2311792,17.24,17.41,17.11,17.34,0.13,0.76,1.85,40004493,,,42.1362,4.5733,7.9757,16.8602,10707774778.2,110435716,1167818,0.18,25930,,,
2023-01-06,2532214,17.36,17.58,17.21,17.24,-0.1,-0.58,2,44007454,,,41.8932,4.547,7.9297,16.7629,10646022905.2,108195870,1033810,0.16,-134008,,,
2023-01-09,1976586,17.3,17.54,17.25,17.34,0.1,0.58,1.58,34335619,,,42.1362,4.5733,7.9757,16.8602,10707774778.2,107101648,984053,0.15,-49757,,,
2023-01-10,2001579,17.34,17.38,17.1,17.1,-0.24,-1.38,1.59,34328133,,,41.553,4.51,7.8653,16.6268,10559570283,107329109,817407,0.13,-166646,,,
2023-01-11,1960992,17.14,17.19,16.9,16.94,-0.16,-0.94,1.56,33441849,,,41.1642,4.4678,7.7917,16.4712,10460767286.2,107725734,799971,0.12,-17436,,,
2023-01-12,1514680,16.99,17.09,16.9,17,0.06,0.35,1.21,25724752,,,41.31,4.4837,7.8193,16.5296,10497818410,105883391,845391,0.13,45420,,,
2023-01-13,1528574,17.06,17.06,16.86,17.01,0.01,0.06,1.23,25909940,,,41.3343,4.4863,7.8239,16.5393,10503993597.3,107684763,811991,0.13,-33400,,,
2023-01-16,1726014,16.96,17.23,16.91,17.15,0.14,0.82,1.36,29579310,,,41.6745,4.5232,7.8883,16.6754,10590446219.5,106361383,1004550,0.16,192559,,,
2023-01-17,3169539,17.15,17.6,17.08,17.31,0.16,0.93,2.56,54892060,,,42.0633,4.5654,7.9619,16.831,10689249216.3,107530564,815699,0.13,-188851,,,
2023-01-18,1691616,17.29,17.34,17.2,17.22,-0.09,-0.52,1.33,29188309,,,41.8446,4.5417,7.9205,16.7435,10633672530.6,103133086,752099,0.12,-63600,,,
2023-01-19,1762811,17.23,17.29,17.1,17.28,0.06,0.35,1.4,30352237,,,41.9904,4.5575,7.9481,16.8018,10670723654.4,103310038,866799,0.14,114700,,,
2023-01-20,2233397,17.28,17.44,17.28,17.42,0.14,0.81,1.77,38853682,,,42.331,4.596,8.012511199567312,16.93794839767896,10757176277,101547334,1116709,0.18,249910,,,
2023-01-30,2652370,17.49,17.78,17.49,17.62,0.2,1.15,2.14,46812261,,,42.8166,4.6472,8.1045,17.1324,10880680022.6,101059896,1296609,0.2,179900,,,
2023-01-31,2571627,17.63,17.87,17.53,17.83,0.21,1.19,2.08,45644078,,,43.3269,4.7026,8.2011,17.3366,11010358955.9,105743106,1314509,0.21,17900,,,
2023-02-01,2968233,17.87,18,17.72,17.98,0.15,0.84,2.38,52955948,,,43.6914,4.7421,8.2701,17.4825,11102986765.4,105119680,1435209,0.23,120700,,,
2023-02-02,2963227,18.08,18.12,17.9,17.94,-0.04,-0.22,2.37,53347422,,,43.5942,4.7316,8.2517,17.4436,11078286016.2,105537248,1360376,0.22,-74833,,,
2023-02-03,2900358,17.92,18.04,17.66,17.99,0.05,0.28,2.33,51722201,,,43.7157,4.7448,8.2747,17.4922,11109161952.7,102435267,1524029,0.24,163653,,,
2023-02-06,1740147,17.85,18.03,17.83,17.94,-0.05,-0.28,1.41,31228477,,,43.5942,4.7316,8.2517,17.4436,11078286016.2,103533998,1517305,0.24,-6724,,,
2023-02-07,5431948,18.02,18.62,17.95,18.36,0.42,2.34,4.39,99735038,,,44.6148,4.8424,8.4449,17.8519,11337643882.8,110177162,1127669,0.18,-389636,,,
2023-02-08,3670826,18.24,18.6,18.19,18.29,-0.07,-0.38,2.95,67500516,,,44.4447,4.8239,8.4127,17.7839,11294417571.7,111117055,1003184,0.16,-124485,,,
2023-02-09,3292072,18.3,18.49,18.2,18.49,0.2,1.09,2.64,60386922,,,44.9307,4.8767,8.5047,17.9783,11417921317.7,112305025,1319016,0.21,315832,,,
2023-02-10,2655100,18.58,18.65,18.21,18.31,-0.18,-0.97,2.15,48717393,,,44.4933,4.8292,8.4219,17.8033,11306767946.3,110861536,1216889,0.19,-102127,,,
2023-02-13,2158648,18.3,18.38,18.21,18.25,-0.06,-0.33,1.73,39402121,,,44.3475,4.8134,8.3943,17.745,11269716822.5,111468212,1343189,0.21,126300,,,
2023-02-14,5538358,18.36,18.9,18.19,18.65,0.4,2.19,4.42,102675430,,,45.3195,4.9189,8.5783,18.1339,11516724314.5,107483736,1214038,0.19,-129151,,,
2023-02-15,2822022,18.5,18.61,18.37,18.41,-0.24,-1.29,2.27,52058469,,,44.7363,4.8556,8.4679,17.9006,11368519819.3,109813686,1003038,0.16,-211000,,,
2023-02-16,4164428,18.41,18.5,17.69,17.84,-0.57,-3.1,3.36,75551161,,,43.3512,4.7052,8.2057,17.3463,11016534143.2,105849580,1182113,0.19,179075,,,
2023-02-17,2722400,17.8,18.3,17.77,17.9,0.06,0.34,2.18,49048726,,,43.497,4.721,8.2333,17.4047,11053585267,106658868,1285425,0.2,103312,,,
2023-02-20,2154700,18.15,18.15,17.74,18.05,0.15,0.84,1.73,38641513,,,43.8615,4.7606,8.3023,17.5505,11146213076.5,109576614,1236125,0.2,-49300,,,
2023-02-21,1844273,18.1,18.18,17.95,18.17,0.12,0.66,1.46,33352238,,,44.1531,4.7923,8.3575,17.6672,11220315324.1,105753151,1281796,0.2,45671,,,
2023-02-22,1509901,18.15,18.15,17.95,18.09,-0.08,-0.44,1.21,27247894,,,43.9587,4.7712,8.3207,17.5894,11170913825.7,107366354,1358061,0.21,76265,,,
2023-02-23,2041296,18.1,18.3,18.06,18.15,0.06,0.33,1.64,37053935,,,44.1045,4.787,8.3483,17.6477,11207964949.5,106156080,1163175,0.18,-194886,,,
2023-02-24,1528310,18.26,18.26,17.91,17.91,-0.24,-1.32,1.23,27488256,,,43.5213,4.7237,8.2379,17.4144,11059760454.3,107583054,1050375,0.17,-112800,,,
2023-02-27,1839156,17.88,17.89,17.56,17.6,-0.31,-1.73,1.47,32548456,,,42.768,4.6419,8.0953,17.113,10868329648,108796807,1093205,0.17,42830,,,
2023-02-28,1781511,17.71,18,17.54,18,0.4,2.27,1.42,31652539,,,43.74,4.7474,8.2793,17.5019,11115337140,108769127,1189942,0.19,96737,,,
2023-03-01,1669376,18,18.07,17.87,18.01,0.01,0.06,1.36,30031123,,,43.7643,4.7501,8.2839,17.5116,11121512327.3,104751322,1134405,0.18,-55537,,,
2023-03-02,2361536,18.05,18.25,17.91,18.15,0.14,0.78,1.93,42751191,,,44.1045,4.787,8.3483,17.6477,11207964949.5,102601398,1045735,0.16,-88670,,,
2023-03-03,1685721,18.1,18.3,18.1,18.19,0.04,0.22,1.38,30683733,,,44.2017,4.7975,8.3667,17.6866,11232665698.7,,,,,,,
